Code,Name,Market,Market_Value,產業別,Main_Type,Sub_Type,發行量(萬張),相關產業
1240,茂生農經,櫃,20.4,農業科技業,Traditional,Agri-Tech,3.5,農業科技業
1258,其祥-KY,櫃,4.62,食品工業,Traditional,Food,3.68,食品
1259,安心,櫃,21.5,觀光事業,Others,Tourism,3.24,觀光
1264,德麥,櫃,73.5,食品工業,Traditional,Food,3.37,食品
1268,漢來美食,櫃,47.3,觀光事業,Others,Tourism,3.77,觀光
1336,台翰,櫃,12.6,電子零組件業,Electronic,Components,7.71,模具沖壓
1565,精華,櫃,143,生技醫療業,Biotech,Biotech,5.04,生技醫療
1569,濱川,櫃,29.5,電腦及週邊設備業,Electronic,Computers,11.6,"模具沖壓,機殼業"
1570,力肯,櫃,6.62,電機機械,Traditional,Machinery,5.15,電機機械
1580,新麥,櫃,38.2,電機機械,Traditional,Machinery,5.02,電機機械
1584,精剛,櫃,7.34,其他業,Others,Others,8.25,其他
1586,和勤,櫃,32.7,電機機械,Traditional,Machinery,8.39,電機機械
1591,駿吉-KY,櫃,5.37,電機機械,Traditional,Machinery,3.32,電機機械
1593,祺驊,櫃,18.2,生技醫療業,Biotech,Biotech,3.19,生技醫療
1595,川寶,櫃,14.2,電子零組件業,Electronic,Components,4.71,電子零組件
1599,宏佳騰,櫃,23.2,電機機械,Traditional,Machinery,7.71,電機機械
1742,台蠟,櫃,15.3,化學工業,Traditional,Chemical,7.16,化工
1752,南光,櫃,39.6,生技醫療業,Biotech,Biotech,10.1,生技醫療
1777,生泰,櫃,22.4,生技醫療業,Biotech,Biotech,3.01,生技醫療
1781,合世,櫃,12.6,生技醫療業,Biotech,Biotech,4.74,生技醫療
1784,訊聯,櫃,19.2,生技醫療業,Biotech,Biotech,4.96,生技醫療
1785,光洋科,櫃,205,其他電子業,Electronic,Others,49.8,其他電子
1788,杏昌,櫃,39.1,生技醫療業,Biotech,Biotech,3.62,生技醫療
1796,金穎生技,櫃,5.86,食品工業,Traditional,Food,2.79,食品
1799,易威,櫃,23.1,生技醫療業,Biotech,Biotech,13.9,生技醫療
1813,寶利徠,櫃,8.84,生技醫療業,Biotech,Biotech,4.66,生技醫療
1815,富喬,櫃,41.8,電子零組件業,Electronic,Components,42.3,電子零組件
2035,唐榮,櫃,133,鋼鐵工業,Traditional,Steel,35,鋼鐵
2061,風青,櫃,6.39,電器電纜,Traditional,Cable,5.87,電器電纜
2063,世鎧,櫃,14.1,鋼鐵工業,Traditional,Steel,4.5,鋼鐵
2064,晉椿,櫃,8.26,鋼鐵工業,Traditional,Steel,6.96,鋼鐵
2065,世豐,櫃,14.8,鋼鐵工業,Traditional,Steel,4.16,鋼鐵
2066,世德,櫃,18.2,電機機械,Traditional,Machinery,3.65,電機機械
2067,嘉鋼,櫃,4.3,電機機械,Traditional,Machinery,4.51,電機機械
2070,精湛,櫃,9.16,電機機械,Traditional,Machinery,3.58,電機機械
2221,大甲,櫃,9.65,其他業,Others,Others,4.23,其他
2230,泰茂,櫃,5.65,電機機械,Traditional,Machinery,3.99,電機機械
2235,謚源,櫃,15.6,電機機械,Traditional,Machinery,3.59,電機機械
2596,綠意,櫃,21.2,建材營造業,Traditional,Construction,10,建材營造
2640,大車隊,櫃,44.8,其他業,Others,Others,5.64,其他
2641,正德,櫃,11.7,航運業,Others,Shipping,15.3,航運業
2643,捷迅,櫃,14.6,航運業,Others,Shipping,3,航運業
2718,晶悅,櫃,9.03,觀光事業,Others,Tourism,4.26,觀光
2719,燦星旅,櫃,3.58,觀光事業,Others,Tourism,1.83,觀光
2724,富驛-KY,櫃,2.69,觀光事業,Others,Tourism,6.82,觀光
2726,雅茗-KY,櫃,22.3,觀光事業,Others,Tourism,3.66,觀光
2729,瓦城,櫃,52.5,觀光事業,Others,Tourism,2.33,觀光
2732,六角,櫃,47.4,觀光事業,Others,Tourism,4.07,觀光
2734,易飛網,櫃,3.18,觀光事業,Others,Tourism,3.03,觀光
2736,高野,櫃,6.37,觀光事業,Others,Tourism,4.9,觀光
2740,天蔥,櫃,2.34,觀光事業,Others,Tourism,1.3,觀光
2743,山富,櫃,4.64,觀光事業,Others,Tourism,3.2,觀光
2745,五福,櫃,4.43,觀光事業,Others,Tourism,2.93,觀光
2752,豆府,櫃,37.3,觀光事業,Others,Tourism,2.25,觀光
2754,亞洲藏壽司,櫃,36.2,觀光事業,Others,Tourism,4.5,觀光事業
2755,揚秦,櫃,10.6,觀光事業,Others,Tourism,2,觀光事業
2916,滿心,櫃,8.71,貿易百貨業,Others,Department,5.46,貿易百貨
2924,東凌-KY,櫃,6.17,貿易百貨業,Others,Department,3.28,貿易百貨
2926,誠品生活,櫃,36.7,文化創意業,Others,Culture,4.74,文化創意
2928,紅馬-KY,櫃,14,觀光事業,Others,Tourism,4.73,觀光
2937,集雅社,櫃,9.92,貿易百貨業,Others,Department,3.29,貿易百貨
3064,泰偉,櫃,6.55,文化創意業,Others,Culture,2.67,文化創意
3066,李洲,櫃,6.11,光電業,Electronic,Opto,8.31,LED發光二極體
3067,全域,櫃,7.97,其他電子業,Electronic,Others,2.9,消費性電子產品
3071,協禧,櫃,24.8,電腦及週邊設備業,Electronic,Computers,11,電腦及週邊設備
3073,天方能源,櫃,4.45,半導體業,Electronic,Semi,1.71,IC設計
3078,僑威,櫃,90.6,電子零組件業,Electronic,Components,22.7,電源供應器
3081,聯亞,櫃,213,通信網路業,Electronic,Communications,9.09,通信網路
3083,網龍,櫃,42.1,文化創意業,Others,Gaming,8.61,"軟體業,遊戲軟體業"
3085,新零售,櫃,2.37,電子商務,Electronic,E-Commerce,3.1,電子商務
3086,華義,櫃,2.78,文化創意業,Others,Gaming,1.34,"軟體業,遊戲軟體業"
3088,艾訊,櫃,41.4,電腦及週邊設備業,Electronic,Computers,8.24,監視器
3089,元炬,櫃,12.6,電子零組件業,Electronic,Components,6.01,被動元件
3093,港建,櫃,12.1,其他電子業,Electronic,Others,3.63,其他電子
3095,及成,櫃,4.6,通信網路業,Electronic,Communications,10.9,"行動電話,模具沖壓"
3105,穩懋,櫃,1179,半導體業,Electronic,Semi,42.4,半導體
3114,好德,櫃,10.8,電子零組件業,Electronic,Components,5.91,連接器
3115,寶島極,櫃,7.76,電子零組件業,Electronic,Components,4.37,印刷電路板
3118,進階,櫃,9.8,生技醫療業,Biotech,Biotech,3.25,生技醫療
3122,笙泉,櫃,4.4,半導體業,Electronic,Semi,3.83,IC設計
3128,昇銳,櫃,5.4,光電業,Electronic,Opto,4.2,消費性電子產品
3131,弘塑,櫃,104,其他電子業,Electronic,Others,2.92,其他電子
3141,晶宏,櫃,18.9,半導體業,Electronic,Semi,6.55,IC設計
3144,新揚科,櫃,25.6,電子零組件業,Electronic,Components,10.1,電子零組件
3147,大綜,櫃,9.9,資訊服務業,Electronic,Service,3.4,"軟體業,資訊服務,資訊通路"
3152,璟德,櫃,255,通信網路業,Electronic,Communications,6.9,被動元件
3162,精確,櫃,16.7,電機機械,Traditional,Machinery,12.7,電機機械
3163,波若威,櫃,47.4,通信網路業,Electronic,Communications,7.53,通信網路
3169,亞信,櫃,17.4,半導體業,Electronic,Semi,4.96,IC設計
3171,新洲,櫃,12.7,貿易百貨業,Others,Department,5.92,貿易百貨
3176,基亞,櫃,90.6,生技醫療業,Biotech,Biotech,13.9,生技醫療
3178,公準,櫃,21.8,電機機械,Traditional,Machinery,4.5,電機機械
3188,鑫龍騰,櫃,16.5,建材營造業,Traditional,Construction,12,建材營造
3191,和進,櫃,22.2,電子零組件業,Electronic,Components,5.72,電子零組件
3202,樺晟,櫃,30,電子零組件業,Electronic,Components,11.7,連接器
3205,佰研,櫃,11.5,生技醫療業,Biotech,Biotech,3.28,生技醫療
3206,志豐,櫃,15.6,電子零組件業,Electronic,Components,5.39,"行動電話,消費性電子產品"
3207,耀勝,櫃,4.4,電子零組件業,Electronic,Components,4.38,"LED發光二極體,被動元件,電源供應器"
3211,順達,櫃,115,電腦及週邊設備業,Electronic,Computers,14.7,行動電話
3213,茂訊,櫃,26.7,電腦及週邊設備業,Electronic,Computers,5.87,資訊通路
3217,優群,櫃,91.9,電子零組件業,Electronic,Components,9.01,"連接器,電腦周邊產品"
3218,大學光,櫃,202,生技醫療業,Biotech,Biotech,7.61,生技醫療
3219,倚強股份,櫃,13.8,半導體業,Electronic,Semi,3.5,半導體
3221,台嘉碩,櫃,22.8,通信網路業,Electronic,Communications,10.2,被動元件
3224,三顧,櫃,28.1,電子通路業,Electronic,Distribution,5.8,電子通路
3226,至寶電,櫃,35.3,電機機械,Traditional,Machinery,6.44,電機機械
3227,原相,櫃,235,半導體業,Electronic,Semi,14,IC設計
3228,金麗科,櫃,62.4,半導體業,Electronic,Semi,6.78,IC設計
3230,錦明,櫃,7.76,光電業,Electronic,Opto,10.8,模具沖壓
3232,昱捷,櫃,6.4,電子通路業,Electronic,Distribution,3.66,電子通路
3234,光環,櫃,28.5,通信網路業,Electronic,Communications,7.6,通信網路
3236,千如,櫃,18.4,電子零組件業,Electronic,Components,9.29,被動元件
3252,海灣,櫃,8.53,觀光事業,Others,Tourism,5.02,DRAM模組
3259,鑫創,櫃,25.6,半導體業,Electronic,Semi,6.47,IC設計
3260,威剛,櫃,120,半導體業,Electronic,Semi,22.8,"DRAM模組,Flash模組,電腦周邊產品"
3264,欣銓,櫃,151,半導體業,Electronic,Semi,49,IC封測
3265,台星科,櫃,30.7,半導體業,Electronic,Semi,13.6,IC封測
3268,海德威,櫃,5.01,半導體業,Electronic,Semi,3.34,IC設計
3272,東碩,櫃,30.4,電腦及週邊設備業,Electronic,Computers,5.23,"連接器,電腦周邊產品"
3276,宇環,櫃,6.43,電子零組件業,Electronic,Components,6.97,印刷電路板
3284,太普高,櫃,6.21,其他業,Others,Others,5.6,其他
3285,微端,櫃,9.97,其他電子業,Electronic,Others,4.41,其他電子
3287,廣寰科,櫃,11,電腦及週邊設備業,Electronic,Computers,4.4,"消費性電子產品,監視器"
3288,點晶,櫃,2.33,電子零組件業,Electronic,Components,2.27,IC設計
3289,宜特,櫃,50.8,其他電子業,Electronic,Others,9.36,IC封測
3290,東浦,櫃,13.5,電子零組件業,Electronic,Components,9.95,模具沖壓
3293,鈊象,櫃,535,文化創意業,Others,Gaming,7.05,"軟體業,遊戲軟體業"
3294,英濟,櫃,19.9,電子零組件業,Electronic,Components,13.2,模具沖壓
3297,杭特,櫃,4.46,光電業,Electronic,Opto,3.68,消費性電子產品
3303,岱稜,櫃,21.6,其他電子業,Electronic,Others,9.61,其他電子
3306,鼎天,櫃,9.01,通信網路業,Electronic,Communications,5.06,通信網路
3310,佳穎,櫃,15,電子零組件業,Electronic,Components,5.02,"連接器,模具沖壓,導線架"
3313,斐成,櫃,11.8,電子零組件業,Electronic,Components,9.88,電子零組件
3317,尼克森,櫃,23.1,半導體業,Electronic,Semi,6.13,IC設計
3322,建舜電,櫃,7.54,電子零組件業,Electronic,Components,9.67,"連接器,電腦周邊產品"
3323,加百裕,櫃,32.9,電腦及週邊設備業,Electronic,Computers,8.33,行動電話
3324,雙鴻,櫃,193,其他電子業,Electronic,Others,8.74,其他電子
3325,旭品,櫃,21.3,電腦及週邊設備業,Electronic,Computers,7.46,"電源供應器,機殼業"
3332,幸康,櫃,15.9,電子零組件業,Electronic,Components,4.81,電源供應器
3339,泰谷,櫃,2.99,光電業,Electronic,Opto,9.62,LED發光二極體
3354,律勝,櫃,8.62,電子零組件業,Electronic,Components,7.01,電子零組件
3357,臺慶科,櫃,154,電子零組件業,Electronic,Components,10.3,電子零組件
3360,尚立,櫃,9.76,電子通路業,Electronic,Distribution,6.87,數位相機
3362,先進光,櫃,36.2,光電業,Electronic,Opto,11.2,數位相機
3363,上詮,櫃,23.3,通信網路業,Electronic,Communications,9.06,通信網路
3372,典範,櫃,15.1,半導體業,Electronic,Semi,17.2,IC封測
3373,熱映,櫃,35.6,其他電子業,Electronic,Others,4.33,其他電子
3374,精材,櫃,300,半導體業,Electronic,Semi,27.1,IC封測
3379,彬台,櫃,4.07,電機機械,Traditional,Machinery,3.8,電機機械
3388,崇越電,櫃,45.8,電子零組件業,Electronic,Components,7.41,電子零組件
3390,旭軟,櫃,8.84,電子零組件業,Electronic,Components,6.75,印刷電路板
3402,漢科,櫃,19.4,其他電子業,Electronic,Others,7.3,其他電子
3426,台興,櫃,9.77,電機機械,Traditional,Machinery,2.64,電機機械
3434,哲固,櫃,3.02,光電業,Electronic,Opto,2.27,消費性電子產品
3438,類比科,櫃,21.1,半導體業,Electronic,Semi,4.72,IC設計
3441,聯一光,櫃,10.4,光電業,Electronic,Opto,4,數位相機
3444,利機,櫃,12.8,電子通路業,Electronic,Distribution,3.91,電子通路
3455,由田,櫃,30.7,光電業,Electronic,Opto,6.15,光電
3465,進泰電子,櫃,53.1,電子零組件業,Electronic,Components,3.22,電源供應器
3466,致振,櫃,7.7,通信網路業,Electronic,Communications,6.09,消費性電子產品
3479,安勤,櫃,35.7,電腦及週邊設備業,Electronic,Computers,7.02,電腦及週邊設備
3483,力致,櫃,49.3,電腦及週邊設備業,Electronic,Computers,7.05,電腦及週邊設備
3484,崧騰,櫃,23.4,電子零組件業,Electronic,Components,6.97,電子零組件
3489,森寶,櫃,10.2,建材營造業,Traditional,Construction,8.31,電腦周邊產品
3490,單井,櫃,14.4,光電業,Electronic,Opto,5.7,光電
3491,昇達科,櫃,42.3,通信網路業,Electronic,Communications,6.09,通信網路
3492,長盛,櫃,5.13,電子零組件業,Electronic,Components,3.55,連接器
3498,陽程,櫃,26,其他電子業,Electronic,Others,6.42,其他電子
3499,環天科,櫃,5.63,通信網路業,Electronic,Communications,5.5,通信網路
3508,位速,櫃,18.6,其他電子業,Electronic,Others,10.2,行動電話
3511,矽瑪,櫃,18,電子零組件業,Electronic,Components,8,連接器
3512,皇龍,櫃,21.7,電子零組件業,Electronic,Components,8.4,電子零組件
3516,亞帝歐,櫃,7.44,光電業,Electronic,Opto,5.06,LED發光二極體
3520,華盈,櫃,8.55,電子零組件業,Electronic,Components,4.88,軟體業
3521,鴻翊,櫃,4.65,電腦及週邊設備業,Electronic,Computers,4.67,電腦及週邊設備
3522,御頂,櫃,8.24,觀光事業,Others,Tourism,7.26,觀光
3523,迎輝,櫃,13,光電業,Electronic,Opto,9.4,光電
3526,凡甲,櫃,58.7,電子零組件業,Electronic,Components,7.23,連接器
3527,聚積,櫃,39.6,半導體業,Electronic,Semi,4.44,IC設計
3529,力旺,櫃,382,半導體業,Electronic,Semi,7.6,IC設計
3531,先益,櫃,12.4,光電業,Electronic,Opto,6.12,LED發光二極體
3537,堡達,櫃,16,電子零組件業,Electronic,Components,5.36,被動元件
3540,曜越,櫃,44.4,電腦及週邊設備業,Electronic,Computers,6.66,"電源供應器,電腦周邊產品,機殼業"
3541,西柏,櫃,31,其他電子業,Electronic,Others,5.18,消費性電子產品
3546,宇峻,櫃,31.7,文化創意業,Others,Gaming,4.59,"軟體業,遊戲軟體業"
3548,兆利,櫃,39.4,電子零組件業,Electronic,Components,6.01,模具沖壓
3551,世禾,櫃,25.8,其他電子業,Electronic,Others,5.68,其他電子
3552,同致,櫃,74.2,其他電子業,Electronic,Others,8.56,其他電子
3555,重鵬,櫃,11.5,半導體業,Electronic,Semi,3.56,IC設計
3556,禾瑞亞,櫃,30.8,半導體業,Electronic,Semi,5.95,IC設計
3558,神準,櫃,43.2,通信網路業,Electronic,Communications,4.91,軟體業
3564,其陽,櫃,13.6,通信網路業,Electronic,Communications,5.91,"主機板,軟體業"
3567,逸昌,櫃,8.38,半導體業,Electronic,Semi,3.41,IC封測
3570,大塚,櫃,13.2,資訊服務業,Electronic,Service,1.71,"軟體業,資訊服務"
3577,泓格,櫃,16.3,電腦及週邊設備業,Electronic,Computers,5.29,電腦及週邊設備
3580,友威科,櫃,11.2,其他電子業,Electronic,Others,3.95,其他電子
3581,博磊,櫃,10,半導體業,Electronic,Semi,5.1,半導體
3587,閎康,櫃,51.7,其他電子業,Electronic,Others,6.23,其他電子
3594,磐儀,櫃,15.6,電腦及週邊設備業,Electronic,Computers,6.79,電腦及週邊設備
3597,映興,櫃,6.75,電子零組件業,Electronic,Components,3.51,電子零組件
3609,東林,櫃,9.45,電子零組件業,Electronic,Components,3.07,電源供應器
3611,鼎翰,櫃,74.3,電腦及週邊設備業,Electronic,Computers,4.25,"消費性電子產品,印表機,電腦周邊產品"
3615,安可,櫃,12,光電業,Electronic,Opto,6.85,光電
3623,富晶通,櫃,4.32,光電業,Electronic,Opto,2.92,光電
3624,光頡,櫃,27.8,電子零組件業,Electronic,Components,11.7,被動元件
3625,西勝,櫃,11.9,電腦及週邊設備業,Electronic,Computers,8.21,行動電話
3628,盈正,櫃,16.3,其他電子業,Electronic,Others,4.5,其他電子
3629,地心引力,櫃,25.8,文化創意業,Others,Culture,3.22,文化創意
3630,新鉅科,櫃,74.3,光電業,Electronic,Opto,18.5,"行動電話,電腦周邊產品,數位相機"
3631,晟楠,櫃,31.6,電子零組件業,Electronic,Components,7.99,電子零組件
3632,研勤,櫃,3.48,通信網路業,Electronic,Communications,5.81,通信網路
3642,駿熠電,櫃,5.36,其他電子業,Electronic,Others,3.44,其他電子
3646,艾恩特,櫃,8.1,電子零組件業,Electronic,Components,3.93,"連接器,模具沖壓"
3652,精聯,櫃,9.3,電腦及週邊設備業,Electronic,Computers,4.71,"印表機,電腦周邊產品"
3663,鑫科,櫃,13.4,其他電子業,Electronic,Others,7.35,其他電子
3664,安瑞-KY,櫃,6.41,通信網路業,Electronic,Communications,5.11,"軟體業,資訊服務"
3666,光耀,櫃,13.5,光電業,Electronic,Opto,4.83,光電
3672,康聯訊,櫃,5.83,通信網路業,Electronic,Communications,3.27,通信網路
3675,德微,櫃,27.6,半導體業,Electronic,Semi,4.44,半導體
3680,家登,櫃,193,半導體業,Electronic,Semi,7.57,半導體
3684,榮昌,櫃,8.55,通信網路業,Electronic,Communications,2.46,通信網路
3685,元創精密,櫃,14.3,光電業,Electronic,Opto,8,光電
3687,歐買尬,櫃,12.3,電子商務,Electronic,E-Commerce,3.01,"軟體業,遊戲軟體業"
3689,湧德,櫃,20.2,電子零組件業,Electronic,Components,6.97,連接器
3691,碩禾,櫃,84.4,光電業,Electronic,Opto,6.37,光電
3693,營邦,櫃,19.7,電腦及週邊設備業,Electronic,Computers,3.85,"伺服器,電腦周邊產品,機殼業"
3707,漢磊,櫃,82,半導體業,Electronic,Semi,30.4,"晶圓代工,IC生產"
3709,鑫聯大投控,櫃,16.4,電腦及週邊設備業,Electronic,Computers,7.96,資訊通路
3710,連展投控,櫃,16.8,電子零組件業,Electronic,Components,20.7,連接器
3713,新晶投控,櫃,32.7,光電業,Electronic,Opto,7.81,光電
4102,永日,櫃,11.2,生技醫療業,Biotech,Biotech,4.24,生技醫療
4105,東洋,櫃,164,生技醫療業,Biotech,Biotech,24.9,生技醫療
4107,邦特,櫃,92.5,生技醫療業,Biotech,Biotech,6.93,生技醫療
4109,加捷生醫,櫃,9.89,生技醫療業,Biotech,Biotech,6.89,生技醫療
4111,濟生,櫃,13.4,生技醫療業,Biotech,Biotech,5.7,生技醫療
4113,聯上,櫃,30,建材營造業,Traditional,Construction,21.1,建材營造
4114,健喬,櫃,68.3,生技醫療業,Biotech,Biotech,28.3,生技醫療
4116,明基醫,櫃,13.6,生技醫療業,Biotech,Biotech,4.46,生技醫療
4120,友華,櫃,43,生技醫療業,Biotech,Biotech,8.67,生技醫療
4121,優盛,櫃,12.3,生技醫療業,Biotech,Biotech,7.33,生技醫療
4123,晟德,櫃,300,生技醫療業,Biotech,Biotech,45.9,生技醫療
4126,太醫,櫃,50.2,生技醫療業,Biotech,Biotech,7.26,生技醫療
4127,天良,櫃,5.06,生技醫療業,Biotech,Biotech,4.58,生技醫療
4128,中天,櫃,382,生技醫療業,Biotech,Biotech,42.5,生技醫療
4129,聯合,櫃,26.2,生技醫療業,Biotech,Biotech,7.84,生技醫療
4130,健亞,櫃,34,生技醫療業,Biotech,Biotech,10.8,生技醫療
4131,晶宇,櫃,4.25,生技醫療業,Biotech,Biotech,4.83,生技醫療
4138,曜亞,櫃,14,生技醫療業,Biotech,Biotech,3,生技醫療
4139,馬光-KY,櫃,22.6,生技醫療業,Biotech,Biotech,4.25,生技醫療
4147,中裕,櫃,230,生技醫療業,Biotech,Biotech,25.2,生技醫療
4152,台微體,櫃,53.5,生技醫療業,Biotech,Biotech,8.42,生技醫療
4153,鈺緯,櫃,15.8,生技醫療業,Biotech,Biotech,7.4,生技醫療
4154,康樂-KY,櫃,7.66,生技醫療業,Biotech,Biotech,2.43,生技醫療
4157,太景*-KY,櫃,152,生技醫療業,Biotech,Biotech,71.7,生技醫療
4160,創源,櫃,5.88,生技醫療業,Biotech,Biotech,2.42,生技醫療
4161,聿新科,櫃,13.4,生技醫療業,Biotech,Biotech,5.27,生技醫療
4162,智擎,櫃,89.7,生技醫療業,Biotech,Biotech,14.7,生技醫療
4163,鐿鈦,櫃,46.3,生技醫療業,Biotech,Biotech,4.83,生技醫療
4167,松瑞藥,櫃,95.1,生技醫療業,Biotech,Biotech,29.4,生技醫療
4168,醣聯,櫃,24.1,生技醫療業,Biotech,Biotech,9.59,生技醫療
4171,瑞基,櫃,76.3,農業科技業,Traditional,Agri-Tech,4.06,農業科技業
4173,久裕,櫃,15.5,生技醫療業,Biotech,Biotech,7.46,生技醫療
4174,浩鼎,櫃,196,生技醫療業,Biotech,Biotech,18.9,生技醫療
4175,杏一,櫃,21.4,生技醫療業,Biotech,Biotech,3.16,生技醫療
4183,福永生技,櫃,5.08,生技醫療業,Biotech,Biotech,2.38,生技醫療
4188,安克,櫃,10.5,生技醫療業,Biotech,Biotech,5.32,生技醫療
4192,杏國,櫃,64.3,生技醫療業,Biotech,Biotech,10.7,生技醫療
4198,欣大健康,櫃,10.7,生技醫療業,Biotech,Biotech,6.55,生技醫療
4205,中華食,櫃,71.9,食品工業,Traditional,Food,8.07,食品
4207,環泰,櫃,18.4,食品工業,Traditional,Food,17.3,食品
4303,信立,櫃,17.3,塑膠工業,Traditional,Plastic,7,塑膠
4304,勝昱,櫃,1.76,塑膠工業,Traditional,Plastic,3.6,塑膠
4305,世坤,櫃,17.8,塑膠工業,Traditional,Plastic,5.5,塑膠
4401,東隆興,櫃,28.4,紡織纖維,Traditional,Fabric,12,紡織纖維
4402,福大,櫃,2.84,紡織纖維,Traditional,Fabric,4.6,紡織纖維
4406,新昕纖,櫃,4.41,紡織纖維,Traditional,Fabric,5.19,紡織纖維
4413,飛寶企業,櫃,6.34,紡織纖維,Traditional,Fabric,3.13,紡織纖維
4416,三圓,櫃,47.2,建材營造業,Traditional,Construction,6,建材營造
4417,金洲,櫃,25.4,紡織纖維,Traditional,Fabric,8.4,紡織纖維
4419,元勝,櫃,2.49,紡織纖維,Traditional,Fabric,3.56,紡織纖維
4420,光明,櫃,9.61,紡織纖維,Traditional,Fabric,4.05,紡織纖維
4429,聚紡,櫃,10.8,紡織纖維,Traditional,Fabric,3.44,紡織纖維
4430,耀億,櫃,13.3,其他業,Others,Others,5.63,其他
4432,銘旺實,櫃,8.09,紡織纖維,Traditional,Fabric,5.06,紡織纖維
4433,興采,櫃,19.3,紡織纖維,Traditional,Fabric,4.65,紡織纖維
4502,健信,櫃,25.2,電機機械,Traditional,Machinery,4.98,電機機械
4503,金雨,櫃,7.03,電機機械,Traditional,Machinery,3.93,電機機械
4506,崇友,櫃,98.4,電機機械,Traditional,Machinery,17.7,電機機械
4510,高鋒,櫃,12,電機機械,Traditional,Machinery,10.8,電機機械
4513,福裕,櫃,6.92,電機機械,Traditional,Machinery,7.69,電機機械
4523,永彰,櫃,23.6,電機機械,Traditional,Machinery,6.4,電機機械
4527,方土霖,櫃,20.9,電機機械,Traditional,Machinery,7.62,電機機械
4528,江興鍛,櫃,30.6,電機機械,Traditional,Machinery,7.65,電機機械
4529,淳紳,櫃,7.52,其他業,Others,Others,8.28,其他
4530,宏易,櫃,4.78,電機機械,Traditional,Machinery,4.62,電機機械
4533,協易機,櫃,17.6,電機機械,Traditional,Machinery,15.8,電機機械
4534,慶騰,櫃,7.75,電機機械,Traditional,Machinery,8.92,電機機械
4535,至興,櫃,18.4,電機機械,Traditional,Machinery,7.57,電機機械
4538,大詠城,櫃,7.64,電機機械,Traditional,Machinery,5.05,電機機械
4541,晟田,櫃,12.5,其他業,Others,Others,6.76,其他
4542,科嶠,櫃,6.04,電子零組件業,Electronic,Components,2.83,電子零組件
4543,萬在,櫃,9.12,電機機械,Traditional,Machinery,5.7,電機機械
4549,桓達,櫃,29.6,電機機械,Traditional,Machinery,4.24,電機機械
4550,長佳,櫃,8.27,電機機械,Traditional,Machinery,3.78,電機機械
4554,橙的,櫃,5.09,其他電子業,Electronic,Others,2.14,其他電子
4556,旭然,櫃,14.9,其他業,Others,Others,4.19,其他
4561,健椿,櫃,14,電機機械,Traditional,Machinery,5.85,電機機械
4563,百德,櫃,17.7,電機機械,Traditional,Machinery,5.5,電機機械
4568,科際精密,櫃,19.4,電機機械,Traditional,Machinery,3.03,電機機械
4580,捷流閥業,櫃,36.8,電機機械,Traditional,Machinery,3.91,電機機械
4609,唐鋒,櫃,3.84,電器電纜,Traditional,Cable,4.79,電器電纜
4702,中美實,櫃,6.79,化學工業,Traditional,Chemical,7.23,化工
4706,大恭,櫃,12.6,化學工業,Traditional,Chemical,7.9,化工
4707,磐亞,櫃,31.9,化學工業,Traditional,Chemical,30.2,化工
4711,永純,櫃,8.06,化學工業,Traditional,Chemical,6.11,化工
4712,南璋,櫃,7.51,食品工業,Traditional,Food,7.15,食品
4714,永捷,櫃,13.9,化學工業,Traditional,Chemical,11.6,化工
4716,大立,櫃,10.5,化學工業,Traditional,Chemical,7.52,化工
4721,美琪瑪,櫃,44.3,化學工業,Traditional,Chemical,7.5,化工
4726,永昕,櫃,59,生技醫療業,Biotech,Biotech,12.8,生技醫療
4728,雙美,櫃,36.3,生技醫療業,Biotech,Biotech,5.45,生技醫療
4729,熒茂,櫃,14.8,光電業,Electronic,Opto,10.3,光電
4735,豪展,櫃,36,生技醫療業,Biotech,Biotech,3.78,生技醫療
4736,泰博,櫃,168,生技醫療業,Biotech,Biotech,9.17,生技醫療
4741,泓瀚,櫃,9.16,化學工業,Traditional,Chemical,3.28,化工
4743,合一,櫃,1266,生技醫療業,Biotech,Biotech,35.5,生技醫療
4744,皇將,櫃,14.8,生技醫療業,Biotech,Biotech,4.72,生技醫療
4745,合富-KY,櫃,23.3,生技醫療業,Biotech,Biotech,7.74,生技醫療
4747,強生,櫃,11.1,生技醫療業,Biotech,Biotech,3,生技醫療
4754,國碳科,櫃,8.61,化學工業,Traditional,Chemical,2.16,化工
4760,勤凱,櫃,21.3,其他電子業,Electronic,Others,3.06,被動元件
4767,誠泰科技,櫃,5.94,化學工業,Traditional,Chemical,3.14,化工
4803,VHQ-KY,櫃,20,文化創意業,Others,Culture,3.94,文化創意
4804,大略-KY,櫃,4.56,觀光事業,Others,Tourism,4.32,觀光
4806,昇華,櫃,3.19,文化創意業,Others,Culture,4.2,文化創意
4903,聯光通,櫃,8.13,通信網路業,Electronic,Communications,9.03,電信設備
4905,台聯電,櫃,15.1,通信網路業,Electronic,Communications,3.63,電信設備
4907,富宇,櫃,33,建材營造業,Traditional,Construction,11.8,電信設備
4908,前鼎,櫃,22.1,通信網路業,Electronic,Communications,7.82,通信網路
4909,新復興,櫃,14.5,通信網路業,Electronic,Communications,9.34,印刷電路板
4911,德英,櫃,21.6,生技醫療業,Biotech,Biotech,5.57,生技醫療
4924,欣厚-KY,櫃,6.65,電腦及週邊設備業,Electronic,Computers,3.72,模具沖壓
4931,新盛力,櫃,13.6,電腦及週邊設備業,Electronic,Computers,6.26,電腦及週邊設備
4933,友輝,櫃,21.9,光電業,Electronic,Opto,7.83,光電
4939,亞電,櫃,14.6,電子零組件業,Electronic,Components,9.82,電子零組件
4944,兆遠,櫃,26.1,光電業,Electronic,Opto,8.71,LED發光二極體
4945,陞達科技,櫃,14.7,半導體業,Electronic,Semi,3.01,電子工業
4946,辣椒,櫃,5.17,文化創意業,Others,Gaming,1.37,"軟體業,遊戲軟體業"
4950,牧東,櫃,4.6,其他業,Others,Others,4.58,其他
4953,緯軟,櫃,54.5,資訊服務業,Electronic,Service,6.67,軟體業
4966,譜瑞-KY,櫃,828,半導體業,Electronic,Semi,8.08,IC設計
4971,IET-KY,櫃,18.1,半導體業,Electronic,Semi,3.65,IC生產
4972,湯石照明,櫃,10.9,光電業,Electronic,Opto,4.03,LED發光二極體
4973,廣穎,櫃,13.4,半導體業,Electronic,Semi,6.35,"DRAM模組,Flash模組,電腦周邊產品"
4974,亞泰,櫃,36.2,電子零組件業,Electronic,Components,7.25,數位相機
4979,華星光,櫃,31.5,通信網路業,Electronic,Communications,12,通信網路
4987,科誠,櫃,11.9,電腦及週邊設備業,Electronic,Computers,2.52,"印表機,電腦周邊產品"
4991,環宇-KY,櫃,43.4,半導體業,Electronic,Semi,9.14,半導體
4995,晶達,櫃,16.4,光電業,Electronic,Opto,4.18,監視器
5009,榮剛,櫃,71.9,鋼鐵工業,Traditional,Steel,46.7,鋼鐵
5011,久陽,櫃,7.57,鋼鐵工業,Traditional,Steel,4.12,鋼鐵
5013,強新,櫃,36,鋼鐵工業,Traditional,Steel,13.3,鋼鐵
5014,建錩,櫃,14.2,鋼鐵工業,Traditional,Steel,16.5,鋼鐵
5015,華祺,櫃,19,鋼鐵工業,Traditional,Steel,6.06,鋼鐵
5016,松和,櫃,14.3,鋼鐵工業,Traditional,Steel,4.96,鋼鐵
5102,富強,櫃,9.93,橡膠工業,Traditional,Rubber,6.41,橡膠
5201,凱衛,櫃,10.4,資訊服務業,Electronic,Service,3.07,"軟體業,資訊服務"
5202,力新,櫃,8.92,資訊服務業,Electronic,Service,5.91,軟體業
5205,中茂,櫃,1.65,其他電子業,Electronic,Others,1.8,"軟體業,資訊服務"
5206,坤悅,櫃,26.4,建材營造業,Traditional,Construction,15.6,建材營造
5209,新鼎,櫃,15.6,資訊服務業,Electronic,Service,2.35,"軟體業,資訊服務"
5210,寶碩,櫃,5.76,資訊服務業,Electronic,Service,6.37,"軟體業,資訊服務"
5211,蒙恬,櫃,4.74,資訊服務業,Electronic,Service,3.2,"掃描器,軟體業,電腦周邊產品"
5212,凌網,櫃,14.6,資訊服務業,Electronic,Service,3.46,"軟體業,資訊服務"
5213,亞昕,櫃,51.2,建材營造業,Traditional,Construction,34.6,建材營造
5220,萬達光電,櫃,17.1,光電業,Electronic,Opto,3.97,光電
5223,安力-KY,櫃,25.9,電腦及週邊設備業,Electronic,Computers,4.32,模具沖壓
5227,立凱-KY,櫃,22.6,電子零組件業,Electronic,Components,16,電子零組件
5230,雷笛克光學,櫃,11.1,光電業,Electronic,Opto,4.7,LED發光二極體
5245,智晶,櫃,14.4,光電業,Electronic,Opto,4.5,光電
5251,天鉞電,櫃,4.5,光電業,Electronic,Opto,3.54,消費性電子產品
5263,智崴,櫃,56.9,文化創意業,Others,Culture,5.57,文化創意
5272,笙科,櫃,9.87,半導體業,Electronic,Semi,5.64,IC設計
5274,信驊,櫃,396,半導體業,Electronic,Semi,3.42,IC設計
5276,達輝-KY,櫃,4.07,其他業,Others,Others,3.95,其他
5278,尚凡,櫃,16.8,電子商務,Electronic,E-Commerce,1.52,電子商務
5281,大峽谷-KY,櫃,9.1,光電業,Electronic,Opto,3.7,LED發光二極體
5287,數字,櫃,86.8,電子商務,Electronic,E-Commerce,4.26,電子商務
5289,宜鼎,櫃,126,電腦及週邊設備業,Electronic,Computers,8.13,"DRAM模組,Flash模組,電腦周邊產品"
5291,邑昇,櫃,8.37,電子零組件業,Electronic,Components,3.8,印刷電路板
5299,杰力,櫃,35.2,半導體業,Electronic,Semi,3.52,IC設計
5301,寶得利,櫃,15.4,觀光事業,Others,Tourism,9.83,印刷電路板
5302,太欣,櫃,10.9,半導體業,Electronic,Semi,16.2,IC設計
5306,桂盟,櫃,219,其他業,Others,Others,12.6,無線網路
5309,系統電,櫃,47,電子零組件業,Electronic,Components,15.2,"消費性電子產品,電源供應器,電腦周邊產品"
5310,天剛,櫃,6.25,資訊服務業,Electronic,Service,4.96,"軟體業,資訊服務"
5312,寶島科,櫃,35.5,生技醫療業,Biotech,Biotech,6.01,資訊通路
5314,世紀,櫃,3.81,半導體業,Electronic,Semi,6,IC設計
5315,光聯,櫃,15.4,光電業,Electronic,Opto,10.6,監視器
5321,友銓,櫃,12.7,電子零組件業,Electronic,Components,3.5,印刷電路板
5324,士開,櫃,13.5,建材營造業,Traditional,Construction,13.6,建材營造
5328,華容,櫃,14.7,電子零組件業,Electronic,Components,17.3,被動元件
5340,建榮,櫃,71.5,電子零組件業,Electronic,Components,19.5,電子零組件
5344,立衛,櫃,12.2,半導體業,Electronic,Semi,7.94,IC封測
5345,天揚,櫃,4.5,電子零組件業,Electronic,Components,4.5,電子零組件
5347,世界,櫃,1460,半導體業,Electronic,Semi,164,"晶圓代工,IC生產"
5348,系通,櫃,1.97,通信網路業,Electronic,Communications,2.6,通信網路
5351,鈺創,櫃,55.8,半導體業,Electronic,Semi,26.8,IC設計
5353,台林,櫃,12.3,通信網路業,Electronic,Communications,7.5,"光通訊,電信設備"
5355,佳總,櫃,10.6,電子零組件業,Electronic,Components,16.6,"LED發光二極體,印刷電路板"
5356,協益,櫃,27,電腦及週邊設備業,Electronic,Computers,10.3,"電源供應器,電腦周邊產品"
5364,力麗店,櫃,2.18,觀光事業,Others,Tourism,1.41,主機板
5371,中光電,櫃,144,光電業,Electronic,Opto,43.4,監視器
5381,合正,櫃,8.92,電子零組件業,Electronic,Components,18,電子零組件
5383,金利,櫃,17.1,其他電子業,Electronic,Others,7.94,"LED發光二極體,模具沖壓,導線架"
5386,青雲,櫃,6.25,電腦及週邊設備業,Electronic,Computers,2.36,"主機板,DRAM模組,Flash模組"
5392,應華,櫃,40,光電業,Electronic,Opto,17,"模具沖壓,機殼業"
5398,慕康生醫,櫃,10,其他業,Others,Others,5,其他
5403,中菲,櫃,31.7,資訊服務業,Electronic,Service,6.26,"軟體業,資訊服務"
5410,國眾,櫃,17.2,資訊服務業,Electronic,Service,8.59,"軟體業,資訊服務"
5425,台半,櫃,95.2,半導體業,Electronic,Semi,24.9,"印表機,電腦周邊產品"
5426,振發,櫃,15.2,電腦及週邊設備業,Electronic,Computers,14.4,機殼業
5432,達威,櫃,3.58,光電業,Electronic,Opto,2.07,光電
5438,東友,櫃,13.2,電腦及週邊設備業,Electronic,Computers,11.3,"掃描器,電腦周邊產品,辦公室自動化"
5439,高技,櫃,35.2,電子零組件業,Electronic,Components,8.6,印刷電路板
5443,均豪,櫃,39.3,光電業,Electronic,Opto,16.5,電腦周邊產品
5450,南良,櫃,23.4,其他業,Others,Others,12.2,消費性電子產品
5452,佶優,櫃,12.7,其他電子業,Electronic,Others,14.9,其他電子
5455,昇益,櫃,11.1,建材營造業,Traditional,Construction,6.55,建材營造
5457,宣德,櫃,187,電子零組件業,Electronic,Components,17,連接器
5460,同協,櫃,6.86,電子零組件業,Electronic,Components,6.12,模具沖壓
5464,霖宏,櫃,7.89,電子零組件業,Electronic,Components,7.11,印刷電路板
5465,富驊,櫃,29.7,電腦及週邊設備業,Electronic,Computers,16.4,"掃描器,電腦周邊產品,機殼業"
5468,凱鈺,櫃,2.19,半導體業,Electronic,Semi,1.98,IC設計
5474,聰泰,櫃,93.4,電腦及週邊設備業,Electronic,Computers,3.37,消費性電子產品
5475,德宏,櫃,7.39,電子零組件業,Electronic,Components,18.2,電子零組件
5478,智冠,櫃,105,文化創意業,Others,Gaming,12.7,"軟體業,遊戲軟體業"
5481,新華,櫃,11.2,其他業,Others,Others,7.34,其他
5483,中美晶,櫃,553,半導體業,Electronic,Semi,58.6,半導體
5487,通泰,櫃,7.8,半導體業,Electronic,Semi,2.36,IC設計
5488,松普,櫃,6.76,電子零組件業,Electronic,Components,9.16,連接器
5489,彩富,櫃,29.8,其他電子業,Electronic,Others,10.3,消費性電子產品
5490,同亨,櫃,25.3,電腦及週邊設備業,Electronic,Computers,9.64,電腦及週邊設備
5493,三聯,櫃,17.6,其他電子業,Electronic,Others,4.43,其他電子
5498,凱崴,櫃,18.9,電子零組件業,Electronic,Components,16.9,電子零組件
5508,永信建,櫃,83,建材營造業,Traditional,Construction,21.7,建材營造
5511,德昌,櫃,32.4,建材營造業,Traditional,Construction,11.3,建材營造
5512,力麒,櫃,70.4,建材營造業,Traditional,Construction,74.4,建材營造
5514,三豐,櫃,36,建材營造業,Traditional,Construction,19.4,建材營造
5516,雙喜,櫃,5.59,建材營造業,Traditional,Construction,3.83,建材營造
5520,力泰,櫃,25.9,建材營造業,Traditional,Construction,6.03,建材營造
5523,豐謙,櫃,20,建材營造業,Traditional,Construction,15.5,建材營造
5529,志嘉,櫃,5.68,建材營造業,Traditional,Construction,8.84,建材營造
5530,龍巖,櫃,225,其他業,Others,Others,42,其他
5536,聖暉,櫃,103,其他電子業,Electronic,Others,5.42,其他電子
5543,桓鼎-KY,櫃,17.3,建材營造業,Traditional,Construction,3.57,建材營造
5601,台聯櫃,櫃,15.6,航運業,Others,Shipping,6.48,航運業
5603,陸海,櫃,7.82,航運業,Others,Shipping,7.83,航運業
5604,中連貨,櫃,64.3,航運業,Others,Shipping,10.9,航運業
5609,中菲行,櫃,69.9,航運業,Others,Shipping,12.6,航運業
5701,劍湖山,櫃,10.2,觀光事業,Others,Tourism,25.4,觀光
5703,亞都,櫃,15.4,觀光事業,Others,Tourism,7.02,觀光
5704,老爺知,櫃,13.3,觀光事業,Others,Tourism,3.89,觀光
5820,日盛金,櫃,392,金控業,Finance,Holdings,377,金融
5864,致和證,櫃,21.3,證券業,Finance,Security,23.7,金融
5878,台名,櫃,11.6,保險業,Finance,Insurance,2.5,金融
5902,德記,櫃,15.4,貿易百貨業,Others,Department,9.45,貿易百貨
5903,全家,櫃,580,貿易百貨業,Others,Department,22.3,貿易百貨
5904,寶雅,櫃,544,貿易百貨業,Others,Department,9.77,貿易百貨
5905,南仁湖,櫃,17.8,貿易百貨業,Others,Department,19,貿易百貨
6015,宏遠證,櫃,24.3,證券業,Finance,Security,33.3,金融
6016,康和證,櫃,52.8,證券業,Finance,Security,59.4,金融
6020,大展證,櫃,34.3,證券業,Finance,Security,25.2,金融
6021,大慶證,櫃,46.6,證券業,Finance,Security,30.7,金融
6023,元大期,櫃,132,證券業,Finance,Security,25,金融
6026,福邦證,櫃,21.1,證券業,Finance,Security,24.6,金融
6101,寬魚國際,櫃,29.9,文化創意業,Others,Culture,11.6,文化創意
6103,合邦,櫃,4.57,半導體業,Electronic,Semi,5.71,"IC設計,電腦周邊產品"
6104,創惟,櫃,64.1,半導體業,Electronic,Semi,9.08,IC設計
6109,亞元,櫃,8.29,通信網路業,Electronic,Communications,5.94,電源供應器
6111,大宇資,櫃,36.2,文化創意業,Others,Gaming,4.93,"軟體業,遊戲軟體業"
6113,亞矽,櫃,3.81,電子通路業,Electronic,Distribution,5,電子通路
6114,久威,櫃,9.29,電子零組件業,Electronic,Components,4.39,電子零組件
6118,建達,櫃,9.41,電子通路業,Electronic,Distribution,9.09,資訊通路
6121,新普,櫃,547,電腦及週邊設備業,Electronic,Computers,18.5,行動電話
6122,擎邦,櫃,8.14,電機機械,Traditional,Machinery,7.08,電機機械
6123,上奇,櫃,21.2,電腦及週邊設備業,Electronic,Computers,5.9,軟體業
6124,業強,櫃,52.6,電子零組件業,Electronic,Components,18.2,LED發光二極體
6125,廣運,櫃,67.6,光電業,Electronic,Opto,24.9,光電
6126,信音,櫃,30.2,電子零組件業,Electronic,Components,12.7,連接器
6127,九豪,櫃,16.3,電子零組件業,Electronic,Components,10.8,"LED發光二極體,被動元件"
6129,普誠,櫃,13.3,半導體業,Electronic,Semi,18.1,IC設計
6130,星寶國際,櫃,7.2,生技醫療業,Biotech,Biotech,2.95,生技醫療
6134,萬旭,櫃,8.8,電子零組件業,Electronic,Components,9.43,"行動電話,連接器,光通訊"
6138,茂達,櫃,54.9,半導體業,Electronic,Semi,7.3,IC設計
6140,訊達,櫃,8.56,資訊服務業,Electronic,Service,3.84,"軟體業,資訊服務"
6143,振曜,櫃,28.1,通信網路業,Electronic,Communications,8.3,消費性電子產品
6144,得利影,櫃,10.2,文化創意業,Others,Culture,3.83,資訊通路
6146,耕興,櫃,232,其他電子業,Electronic,Others,9.24,其他電子
6147,頎邦,櫃,404,半導體業,Electronic,Semi,65.4,IC封測
6148,驊宏資,櫃,7.03,資訊服務業,Electronic,Service,4.7,"軟體業,資訊服務,資訊通路"
6150,撼訊,櫃,16.3,電腦及週邊設備業,Electronic,Computers,4.32,電腦及週邊設備
6151,晉倫,櫃,11.9,其他電子業,Electronic,Others,5.53,其他電子
6154,順發,櫃,10.1,電子通路業,Electronic,Distribution,8.01,資訊通路
6156,松上,櫃,13.8,電子零組件業,Electronic,Components,8.05,印刷電路板
6158,禾昌,櫃,15.7,電子零組件業,Electronic,Components,5.27,連接器
6160,欣技,櫃,7.91,電腦及週邊設備業,Electronic,Computers,6.85,電腦及週邊設備
6161,捷波,櫃,13.7,電腦及週邊設備業,Electronic,Computers,7.9,"主機板,電腦周邊產品"
6163,華電網,櫃,19.1,通信網路業,Electronic,Communications,12.3,"軟體業,無線網路,資訊服務"
6167,久正,櫃,12.2,光電業,Electronic,Opto,16.2,光電
6169,昱泉,櫃,5.17,文化創意業,Others,Gaming,2.34,"軟體業,遊戲軟體業"
6170,統振,櫃,15.5,通信網路業,Electronic,Communications,8.97,軟體業
6171,亞銳士,櫃,17.9,建材營造業,Traditional,Construction,7.54,資訊通路
6173,信昌電,櫃,87.4,電子零組件業,Electronic,Components,17.2,被動元件
6174,安碁,櫃,5.55,電子零組件業,Electronic,Components,5,被動元件
6175,立敦,櫃,27.3,電子零組件業,Electronic,Components,13.6,被動元件
6179,亞通,櫃,24.1,其他業,Others,Others,7.41,其他
6180,橘子,櫃,109,文化創意業,Others,Gaming,17.5,"軟體業,遊戲軟體業"
6182,合晶,櫃,170,半導體業,Electronic,Semi,51.1,半導體
6185,幃翔,櫃,21,電子零組件業,Electronic,Components,15,連接器
6186,新潤,櫃,35.2,建材營造業,Traditional,Construction,13,建材營造
6187,萬潤,櫃,52.1,其他電子業,Electronic,Others,8.33,其他電子
6188,廣明,櫃,97.6,電腦及週邊設備業,Electronic,Computers,27.8,"消費性電子產品,電腦周邊產品"
6190,萬泰科,櫃,21.8,通信網路業,Electronic,Communications,14,連接器
6194,育富,櫃,21,電子零組件業,Electronic,Components,6,印刷電路板
6195,詩肯,櫃,17.3,貿易百貨業,Others,Department,4.61,貿易百貨
6198,凌泰,櫃,2.66,半導體業,Electronic,Semi,2.01,IC設計
6199,天品,櫃,7.47,其他業,Others,Others,6.18,電腦周邊產品
6203,海韻電,櫃,53.6,電子零組件業,Electronic,Components,8,電源供應器
6204,艾華,櫃,16.7,電子零組件業,Electronic,Components,2.31,被動元件
6207,雷科,櫃,19.7,電子零組件業,Electronic,Components,8.39,被動元件
6208,日揚,櫃,37.8,電子零組件業,Electronic,Components,10.4,電子零組件
6210,慶生,櫃,13,電子零組件業,Electronic,Components,3.5,印刷電路板
6212,理銘,櫃,57.1,建材營造業,Traditional,Construction,10.2,建材營造
6217,中探針,櫃,21.7,電子零組件業,Electronic,Components,6.52,電子零組件
6218,豪勉,櫃,11.9,通信網路業,Electronic,Communications,6.43,"軟體業,資訊服務"
6219,富旺,櫃,22.2,建材營造業,Traditional,Construction,15.4,建材營造
6220,岳豐,櫃,31.7,電子零組件業,Electronic,Components,12.5,連接器
6221,晉泰,櫃,18.5,資訊服務業,Electronic,Service,5.1,"軟體業,資訊服務"
6222,上揚,櫃,6.21,光電業,Electronic,Opto,4.06,LED發光二極體
6223,旺矽,櫃,77.1,半導體業,Electronic,Semi,8.87,半導體
6227,茂綸,櫃,22.8,電子通路業,Electronic,Distribution,7.61,電子通路
6228,全譜,櫃,2.99,電腦及週邊設備業,Electronic,Computers,3.2,"掃描器,電腦周邊產品"
6229,研通,櫃,7.7,半導體業,Electronic,Semi,3.56,IC設計
6231,系微,櫃,33.2,資訊服務業,Electronic,Service,3.8,"IC設計,軟體業"
6233,旺玖,櫃,18.1,半導體業,Electronic,Semi,7.96,IC設計
6234,高僑,櫃,20.2,光電業,Electronic,Opto,10,光電
6236,康呈,櫃,3.34,其他業,Others,Others,3.17,其他
6237,驊訊,櫃,30.9,半導體業,Electronic,Semi,7.94,IC設計
6240,松崗,櫃,3.05,資訊服務業,Electronic,Service,2.31,軟體業
6241,易通展,櫃,4.13,通信網路業,Electronic,Communications,2.37,通信網路
6242,立康,櫃,8.1,生技醫療業,Biotech,Biotech,2.22,連接器
6244,茂迪,櫃,99.9,光電業,Electronic,Opto,35.5,光電
6245,立端,櫃,67,通信網路業,Electronic,Communications,11.8,網路設備
6246,臺龍,櫃,4.35,光電業,Electronic,Opto,3.08,光電
6247,淇譽電,櫃,5.61,其他電子業,Electronic,Others,6.03,"消費性電子產品,電源供應器"
6248,沛波,櫃,7.52,鋼鐵工業,Traditional,Steel,3.07,鋼鐵
6259,百徽,櫃,2.16,電子零組件業,Electronic,Components,1.55,電子零組件
6261,久元,櫃,67,半導體業,Electronic,Semi,12.8,"IC封測,LED發光二極體"
6263,普萊德,櫃,38.1,通信網路業,Electronic,Communications,6.25,通信網路
6264,富裔,櫃,9.37,建材營造業,Traditional,Construction,11.6,消費性電子產品
6265,方土昶,櫃,7.5,電子通路業,Electronic,Distribution,11.8,電子通路
6266,泰詠,櫃,18.2,電子零組件業,Electronic,Components,9.89,印刷電路板
6270,倍微,櫃,12.4,電子通路業,Electronic,Distribution,7.21,電子通路
6274,台燿,櫃,304,電子零組件業,Electronic,Components,26.7,電子零組件
6275,元山,櫃,12.4,其他電子業,Electronic,Others,6.98,其他電子
6276,安鈦克,櫃,9.1,電腦及週邊設備業,Electronic,Computers,3.15,"電源供應器,機殼業"
6279,胡連,櫃,72.6,電子零組件業,Electronic,Components,9.97,連接器
6284,佳邦,櫃,48.5,電子零組件業,Electronic,Components,14,電子零組件
6287,元隆,櫃,20.7,半導體業,Electronic,Semi,43.8,"晶圓代工,IC生產"
6290,良維,櫃,74.8,電子零組件業,Electronic,Components,14.6,連接器
6291,沛亨,櫃,4.44,半導體業,Electronic,Semi,2.7,IC設計
6292,迅德,櫃,15.4,電子零組件業,Electronic,Components,4.69,電源供應器
6294,智基,櫃,25.5,文化創意業,Others,Culture,2.34,文化創意
6404,通訊-KY,櫃,2.17,資訊服務業,Electronic,Service,3.74,軟體業
6411,晶焱,櫃,62.7,半導體業,Electronic,Semi,9.02,IC設計
6417,韋僑,櫃,21.7,通信網路業,Electronic,Communications,3.56,通信網路
6418,詠昇,櫃,5.04,電子零組件業,Electronic,Components,3.45,"連接器,電腦周邊產品"
6419,京晨科,櫃,2.26,光電業,Electronic,Opto,1.32,"消費性電子產品,軟體業"
6425,易發,櫃,21.1,電機機械,Traditional,Machinery,4.25,電機機械
6432,今展科,櫃,8.32,電子零組件業,Electronic,Components,2.45,被動元件
6435,大中,櫃,29.8,半導體業,Electronic,Semi,3.33,IC設計
6441,廣錠,櫃,38.4,電腦及週邊設備業,Electronic,Computers,3.57,電腦及週邊設備
6446,藥華藥,櫃,254,生技醫療業,Biotech,Biotech,26.4,生技醫療
6457,紘康,櫃,16.4,半導體業,Electronic,Semi,2.99,IC設計
6461,益得,櫃,20.4,生技醫療業,Biotech,Biotech,10.1,生技醫療
6462,神盾,櫃,119,半導體業,Electronic,Semi,7.14,IC設計
6465,威潤,櫃,10.7,通信網路業,Electronic,Communications,3.3,通信網路
6469,大樹,櫃,38.7,生技醫療業,Biotech,Biotech,5.22,生技醫療
6470,宇智,櫃,13.6,通信網路業,Electronic,Communications,3.27,通信網路
6472,保瑞,櫃,68.1,生技醫療業,Biotech,Biotech,4.16,生技醫療
6482,弘煜科,櫃,4.29,文化創意業,Others,Culture,1.71,文化創意
6485,點序,櫃,9.27,半導體業,Electronic,Semi,3.94,IC設計
6486,互動,櫃,25.2,通信網路業,Electronic,Communications,3.69,"軟體業,資訊服務"
6488,環球晶,櫃,1600,半導體業,Electronic,Semi,43.7,半導體
6492,生華科,櫃,207,生技醫療業,Biotech,Biotech,8.97,生技醫療
6494,九齊,櫃,10.4,半導體業,Electronic,Semi,3.16,IC設計
6496,科懋,櫃,13.4,生技醫療業,Biotech,Biotech,4.67,生技醫療
6499,益安,櫃,41.2,生技醫療業,Biotech,Biotech,6.65,生技醫療
6506,雙邦,櫃,13,化學工業,Traditional,Chemical,8.24,化工
6508,惠光,櫃,24.1,農業科技業,Traditional,Agri-Tech,8.48,農業科技業
6509,聚和,櫃,38.6,化學工業,Traditional,Chemical,17.3,化工
6510,精測,櫃,218,半導體業,Electronic,Semi,3.28,半導體
6512,啟發電,櫃,3.56,其他電子業,Electronic,Others,2.5,消費性電子產品
6514,芮特-KY,櫃,14.3,通信網路業,Electronic,Communications,3,通信網路
6516,勤崴國際,櫃,27.5,資訊服務業,Electronic,Service,3.86,軟體業
6523,達爾膚,櫃,25.7,生技醫療業,Biotech,Biotech,4.5,生技醫療
6527,明達醫,櫃,12.5,生技醫療業,Biotech,Biotech,2.43,生技醫療
6530,創威,櫃,6.02,通信網路業,Electronic,Communications,3.38,通信網路
6532,瑞耘,櫃,18.8,半導體業,Electronic,Semi,3.56,半導體
6535,順藥,櫃,44.3,生技醫療業,Biotech,Biotech,11.8,生技醫療
6538,倉和,櫃,87.2,電子零組件業,Electronic,Components,3.73,電子零組件
6542,隆中,櫃,21.1,文化創意業,Others,Culture,4.2,文化創意
6547,高端疫苗,櫃,177,生技醫療業,Biotech,Biotech,21.1,生技醫療
6548,長科*,櫃,133,半導體業,Electronic,Semi,36.4,導線架
6556,勝品,櫃,12.8,光電業,Electronic,Opto,2.88,消費性電子產品
6560,欣普羅,櫃,9.59,光電業,Electronic,Opto,1.75,"消費性電子產品,監視器"
6561,是方,櫃,241,通信網路業,Electronic,Communications,7.02,通信網路
6568,宏觀,櫃,34,半導體業,Electronic,Semi,2.55,IC設計
6569,醫揚,櫃,36.7,生技醫療業,Biotech,Biotech,2.75,生技醫療
6570,維田,櫃,9.52,電腦及週邊設備業,Electronic,Computers,3.01,電腦及週邊設備
6574,霈方,櫃,12.1,生技醫療業,Biotech,Biotech,2.2,生技醫療
6576,逸達,櫃,93,生技醫療業,Biotech,Biotech,10.2,生技醫療
6577,勁豐,櫃,26.5,電腦及週邊設備業,Electronic,Computers,3.83,監視器
6578,達邦蛋白,櫃,5.63,農業科技業,Traditional,Agri-Tech,2.94,農業科技業
6588,東典光電,櫃,20.4,通信網路業,Electronic,Communications,2.67,電子工業
6589,台康生技,櫃,120,生技醫療業,Biotech,Biotech,20.5,生技醫療
6590,普鴻,櫃,9.02,資訊服務業,Electronic,Service,1.83,"軟體業,資訊服務"
6593,台灣銘板,櫃,5.1,資訊服務業,Electronic,Service,2.02,資訊服務
6594,展匯科,櫃,5.59,半導體業,Electronic,Semi,2.06,IC設計
6596,寬宏藝術,櫃,13.5,文化創意業,Others,Culture,3,文化創意
6603,富強鑫,櫃,14.1,電機機械,Traditional,Machinery,14.9,電機機械
6609,瀧澤科,櫃,17,電機機械,Traditional,Machinery,7.25,電機機械
6612,奈米醫材,櫃,21,生技醫療業,Biotech,Biotech,3.37,生技醫療
6613,朋億,櫃,46.5,其他電子業,Electronic,Others,3.39,其他電子
6615,慧智,櫃,12.3,生技醫療業,Biotech,Biotech,2.12,生技醫療
6616,特昇-KY,櫃,6.97,其他業,Others,Others,2.36,其他
6624,萬年清,櫃,6.76,其他業,Others,Others,1.8,其他
6629,泰金-KY,櫃,19.2,其他業,Others,Others,3.35,其他
6640,均華,櫃,12.4,半導體業,Electronic,Semi,2.83,半導體
6642,富致,櫃,11.2,電子零組件業,Electronic,Components,3.14,被動元件
6643,M31,櫃,93.2,半導體業,Electronic,Semi,3.13,IC設計
6649,台生材,櫃,10.4,生技醫療業,Biotech,Biotech,3.3,生技醫療
6651,全宇昕,櫃,28.4,半導體業,Electronic,Semi,3.26,電子工業
6654,天正國際,櫃,17.3,其他電子業,Electronic,Others,3.33,其他電子
6661,威健生技,櫃,6.3,生技醫療業,Biotech,Biotech,2.33,化學生技醫療
6662,樂斯科,櫃,8.84,生技醫療業,Biotech,Biotech,2.56,生技醫療
6664,群翊,櫃,31.4,電子零組件業,Electronic,Components,5.5,電子零組件
6667,信紘科,櫃,20.4,其他電子業,Electronic,Others,3.53,其他電子
6679,鈺太,櫃,90,半導體業,Electronic,Semi,4.13,IC設計
6680,鑫創電子,櫃,11.1,電腦及週邊設備業,Electronic,Computers,1.86,電腦及週邊設備
6683,雍智科技,櫃,69.9,半導體業,Electronic,Semi,2.71,半導體
6690,安碁資訊,櫃,26.1,資訊服務業,Electronic,Service,1.67,軟體業
6697,東捷資訊,櫃,9.84,資訊服務業,Electronic,Service,2.73,軟體業
6703,軒郁,櫃,22.5,生技醫療業,Biotech,Biotech,2.08,化學生技醫療
6712,長聖,櫃,151,生技醫療業,Biotech,Biotech,6.16,化學生技醫療
6716,應廣,櫃,14.6,半導體業,Electronic,Semi,2.22,IC設計
6727,亞泰金屬,櫃,10.3,電子零組件業,Electronic,Components,2.1,電子工業
6728,上洋,櫃,13.2,貿易百貨業,Others,Department,2.3,貿易百貨
6732,昇佳電子,櫃,374,半導體業,Electronic,Semi,4.89,IC設計
6733,博晟生醫,櫃,28.9,生技醫療業,Biotech,Biotech,10.2,化學生技醫療
6741,91APP*-KY,櫃,367,電子商務,Electronic,E-Commerce,12.1,電子商務
6747,亨泰光,櫃,45.8,生技醫療業,Biotech,Biotech,2.42,化學生技醫療
6751,智聯服務,櫃,9.26,資訊服務業,Electronic,Service,1.3,電子工業
6752,叡揚,櫃,15.8,資訊服務業,Electronic,Service,2.67,電子工業
6762,達亞,櫃,55.3,生技醫療業,Biotech,Biotech,2.07,化學生技醫療
6767,台微醫,櫃,10.4,生技醫療業,Biotech,Biotech,2.91,化學生技醫療
6803,崑鼎,櫃,142,其他業,Others,Others,6.71,其他
7402,邑錡,櫃,6.69,光電業,Electronic,Opto,2.37,消費性電子產品
7556,意德士,櫃,28.7,半導體業,Electronic,Semi,2.14,電子工業
8024,佑華,櫃,4.16,半導體業,Electronic,Semi,4.52,IC設計
8027,鈦昇,櫃,57.5,電機機械,Traditional,Machinery,8.15,電機機械
8032,光菱,櫃,11,電子通路業,Electronic,Distribution,5.18,電子通路
8034,榮群,櫃,10.8,通信網路業,Electronic,Communications,6.29,"LED發光二極體,電信設備"
8038,長園科,櫃,16.9,電子零組件業,Electronic,Components,5.98,電子零組件
8040,九暘,櫃,9.78,半導體業,Electronic,Semi,6.72,IC設計
8042,金山電,櫃,41.9,電子零組件業,Electronic,Components,12.6,被動元件
8043,蜜望實,櫃,18.4,電子零組件業,Electronic,Components,7.99,被動元件
8044,網家,櫃,118,電子商務,Electronic,E-Commerce,11.7,電子商務
8047,星雲,櫃,4.4,其他電子業,Electronic,Others,4.17,其他電子
8048,德勝,櫃,14.3,通信網路業,Electronic,Communications,5.29,通信網路
8049,晶采,櫃,22.2,光電業,Electronic,Opto,11.8,TFT-LCD
8050,廣積,櫃,70.8,電腦及週邊設備業,Electronic,Computers,17.7,"主機板,監視器"
8054,安國,櫃,12.2,半導體業,Electronic,Semi,7.08,IC設計
8059,凱碩,櫃,24.9,通信網路業,Electronic,Communications,18.9,通信網路
8064,東捷,櫃,22,光電業,Electronic,Opto,16.5,IC封測
8066,來思達,櫃,15.6,貿易百貨業,Others,Department,3.02,貿易百貨
8067,志旭,櫃,2.61,電子通路業,Electronic,Distribution,3,資訊通路
8068,全達,櫃,20.6,電子通路業,Electronic,Distribution,6.87,"軟體業,資訊通路"
8069,元太,櫃,429,光電業,Electronic,Opto,114,光電
8071,能率網通,櫃,6.09,電子零組件業,Electronic,Components,5.19,模具沖壓
8074,鉅橡,櫃,13.6,電子零組件業,Electronic,Components,8.65,電子零組件
8076,伍豐,櫃,66.2,電腦及週邊設備業,Electronic,Computers,27.8,電腦及週邊設備
8077,洛碁,櫃,9.12,觀光事業,Others,Tourism,11,觀光
8080,永利聯合,櫃,3.81,電子零組件業,Electronic,Components,8.83,電子零組件
8083,瑞穎,櫃,63.6,電機機械,Traditional,Machinery,3.51,電機機械
8084,巨虹,櫃,33.2,電子通路業,Electronic,Distribution,6.71,"IC設計,電腦周邊產品"
8085,福華,櫃,9.03,其他電子業,Electronic,Others,15.7,電腦周邊產品
8086,宏捷科,櫃,189,半導體業,Electronic,Semi,15.5,半導體
8087,華鎂鑫,櫃,2.34,光電業,Electronic,Opto,2.91,光碟片
8088,品安,櫃,13.8,半導體業,Electronic,Semi,6.09,"DRAM模組,Flash模組,電腦周邊產品"
8089,康全電訊,櫃,39.8,通信網路業,Electronic,Communications,5.64,電子工業
8091,翔名,櫃,30,電子零組件業,Electronic,Components,4.51,電子零組件
8092,建暐,櫃,3.57,其他電子業,Electronic,Others,3.89,其他電子
8093,保銳,櫃,6.24,電子零組件業,Electronic,Components,6.42,"資訊通路,電源供應器,電腦周邊產品,機殼業"
8096,擎亞,櫃,15.6,電子通路業,Electronic,Distribution,14.2,IC設計
8097,常珵,櫃,3.12,通信網路業,Electronic,Communications,2.67,"消費性電子產品,電腦周邊產品"
8099,大世科,櫃,17.8,資訊服務業,Electronic,Service,8.86,"軟體業,資訊服務"
8107,大億金茂,櫃,11.8,電機機械,Traditional,Machinery,7.5,電機機械
8109,博大,櫃,48.1,電子零組件業,Electronic,Components,7.26,電源供應器
8111,立碁,櫃,16.4,光電業,Electronic,Opto,10.9,LED發光二極體
8121,越峰,櫃,27.4,電子零組件業,Electronic,Components,18.3,被動元件
8147,正淩,櫃,11.8,電子零組件業,Electronic,Components,3.05,"連接器,機殼業"
8155,博智,櫃,56,電子零組件業,Electronic,Components,4.98,印刷電路板
8171,天宇,櫃,17.8,通信網路業,Electronic,Communications,5.07,電源供應器
8176,智捷,櫃,6.2,通信網路業,Electronic,Communications,7.25,通信網路
8182,加高,櫃,27.5,電子零組件業,Electronic,Components,10.7,被動元件
8183,精星,櫃,21.6,其他電子業,Electronic,Others,12.1,印刷電路板
8234,新漢,櫃,32.8,電腦及週邊設備業,Electronic,Computers,14.1,電腦及週邊設備
8240,華宏,櫃,25.8,光電業,Electronic,Opto,10,光電
8255,朋程,櫃,75,電機機械,Traditional,Machinery,9.15,電機機械
8277,商丞,櫃,6.23,半導體業,Electronic,Semi,9.16,"DRAM模組,Flash模組,電腦周邊產品"
8279,生展,櫃,28.2,生技醫療業,Biotech,Biotech,2.71,生技醫療
8284,三竹,櫃,23,資訊服務業,Electronic,Service,4.63,"軟體業,資訊服務"
8289,泰藝,櫃,7.93,電子零組件業,Electronic,Components,6.83,被動元件
8291,尚茂,櫃,3.22,電子零組件業,Electronic,Components,7.6,電子零組件
8299,群聯,櫃,523,半導體業,Electronic,Semi,19.7,"IC設計,電腦周邊產品"
8342,益張,櫃,17.8,其他業,Others,Others,3.35,其他
8349,恒耀,櫃,54.1,鋼鐵工業,Traditional,Steel,11.6,鋼鐵
8354,冠好,櫃,13.7,塑膠工業,Traditional,Plastic,7.85,塑膠
8358,金居,櫃,93.6,電子零組件業,Electronic,Components,25.3,電子零組件
8383,千附,櫃,45.3,其他電子業,Electronic,Others,11.8,其他電子
8390,金益鼎,櫃,19.2,其他業,Others,Others,9.79,其他
8401,白紗科,櫃,6.72,其他業,Others,Others,6.27,其他
8403,盛弘,櫃,35.8,生技醫療業,Biotech,Biotech,10.9,生技醫療
8406,金可-KY,櫃,131,生技醫療業,Biotech,Biotech,9.71,生技醫療
8409,商之器,櫃,5.04,生技醫療業,Biotech,Biotech,2.8,生技醫療
8410,森田,櫃,15.7,電腦及週邊設備業,Electronic,Computers,3.66,電腦及週邊設備
8415,大國鋼,櫃,267,鋼鐵工業,Traditional,Steel,103,鋼鐵
8416,實威,櫃,29.6,資訊服務業,Electronic,Service,2.82,"軟體業,電腦周邊產品"
8418,捷必勝-KY,櫃,10.2,其他業,Others,Others,7.84,其他
8420,明揚,櫃,12.2,其他業,Others,Others,5.1,其他
8421,旭源,櫃,5.27,其他業,Others,Others,5.48,其他
8423,保綠-KY,櫃,3.72,其他業,Others,Others,2.3,其他
8424,惠普,櫃,18,建材營造業,Traditional,Construction,3.61,建材營造
8426,紅木-KY,櫃,6.56,其他業,Others,Others,5.02,其他
8431,匯鑽科,櫃,26.4,其他電子業,Electronic,Others,4.45,電腦周邊產品
8432,東生華,櫃,24.2,生技醫療業,Biotech,Biotech,3.84,生技醫療
8433,弘帆,櫃,20.2,貿易百貨業,Others,Department,5.21,貿易百貨
8435,鉅邁,櫃,15.4,其他業,Others,Others,3.17,其他
8436,大江,櫃,315,生技醫療業,Biotech,Biotech,11.8,生技醫療
8437,大地-KY,櫃,84.9,其他業,Others,Others,4.79,其他
8440,綠電,櫃,7.24,其他業,Others,Others,3.8,其他
8444,綠河-KY,櫃,54.2,其他業,Others,Others,8.48,其他
8446,華研,櫃,52.8,文化創意業,Others,Culture,5.29,文化創意
8450,霹靂,櫃,12.4,文化創意業,Others,Culture,5.13,文化創意
8455,大拓-KY,櫃,4.77,其他電子業,Electronic,Others,2.52,其他電子
8472,夠麻吉,櫃,7.45,電子商務,Electronic,E-Commerce,1.77,電子商務
8476,台境,櫃,12.1,其他業,Others,Others,6.05,其他
8477,創業家,櫃,10.2,電子商務,Electronic,E-Commerce,2.5,電子商務
8489,三貝德,櫃,20.6,文化創意業,Others,Culture,3.78,文化創意
8905,裕國,櫃,21.6,其他業,Others,Others,11.9,其他
8906,花王,櫃,5.51,其他業,Others,Others,3.4,其他
8908,欣雄,櫃,93.2,油電燃氣業,Traditional,Gas,20,油電燃氣
8916,光隆,櫃,51.8,其他業,Others,Others,13.1,其他
8917,欣泰,櫃,86,油電燃氣業,Traditional,Gas,13.4,油電燃氣
8921,沈氏,櫃,6.24,其他業,Others,Others,4.66,其他
8923,時報,櫃,4.48,文化創意業,Others,Culture,3.04,文化創意
8924,大田,櫃,43.9,其他業,Others,Others,8.38,其他
8927,北基,櫃,28.9,油電燃氣業,Traditional,Gas,19.2,油電燃氣
8928,鉅明,櫃,14.4,其他業,Others,Others,5.09,其他
8929,富堡,櫃,12,其他業,Others,Others,5.06,其他
8930,青鋼,櫃,9.12,鋼鐵工業,Traditional,Steel,8.07,鋼鐵
8931,大汽電,櫃,35.3,油電燃氣業,Traditional,Gas,12.2,油電燃氣
8932,宏大,櫃,7.91,其他業,Others,Others,4.88,其他
8933,愛地雅,櫃,30.9,其他業,Others,Others,24,其他
8934,衡平,櫃,3.12,其他業,Others,Others,0.85,其他
8935,邦泰,櫃,6.47,其他業,Others,Others,8.43,其他
8936,國統,櫃,41.1,其他業,Others,Others,24.8,其他
8937,合騏,櫃,11.3,其他業,Others,Others,7.25,其他
8938,明安,櫃,49.5,其他業,Others,Others,13.5,其他
8941,關中,櫃,10.6,貿易百貨業,Others,Department,3.04,貿易百貨
8942,森鉅,櫃,83.1,其他業,Others,Others,16.6,其他
9949,琉園,櫃,5.9,文化創意業,Others,Culture,4.7,文化創意
9950,萬國通,櫃,13.5,塑膠工業,Traditional,Plastic,14.8,塑膠
9951,皇田,櫃,54.6,電機機械,Traditional,Machinery,7.49,電機機械
9960,邁達康,櫃,9.47,貿易百貨業,Others,Department,3.36,貿易百貨
9962,有益,櫃,8.26,鋼鐵工業,Traditional,Steel,9.02,鋼鐵
5304,鼎創達,櫃,,電腦及週邊設備業,Electronic,Computers,32.7,
5349,先豐,櫃,,電子零組件業,Electronic,Components,22.4,
