Code,Name,Market,Market_Value,產業別,Main_Type,Sub_Type,Issue_amount,相關產業
1101,台泥,市,2327,水泥工業,Traditional,Cement,574,水泥
1102,亞泥,市,1371,水泥工業,Traditional,Cement,336,水泥
1103,嘉泥,市,121,水泥工業,Traditional,Cement,77.5,水泥
1104,環泥,市,122,水泥工業,Traditional,Cement,65.4,水泥
1108,幸福,市,43.3,水泥工業,Traditional,Cement,40.5,水泥
1109,信大,市,64.1,水泥工業,Traditional,Cement,34.2,水泥
1110,東泥,市,94.7,水泥工業,Traditional,Cement,57.2,水泥
1201,味全,市,99.2,食品工業,Traditional,Food,50.6,食品
1203,味王,市,75.4,食品工業,Traditional,Food,24,食品
1210,大成,市,348,食品工業,Traditional,Food,82.7,食品
1213,大飲,市,5.38,食品工業,Traditional,Food,5.66,食品
1215,卜蜂,市,176,食品工業,Traditional,Food,26.8,食品
1216,統一,市,3511,食品工業,Traditional,Food,568,食品
1217,愛之味,市,36.1,食品工業,Traditional,Food,49.5,食品
1218,泰山,市,106,食品工業,Traditional,Food,50,食品
1219,福壽,市,61,食品工業,Traditional,Food,32.2,食品
1220,台榮,市,20.2,食品工業,Traditional,Food,17.7,食品
1225,福懋油,市,69.1,食品工業,Traditional,Food,21.9,食品
1227,佳格,市,558,食品工業,Traditional,Food,91.5,食品
1229,聯華,市,505,食品工業,Traditional,Food,128,食品
1231,聯華食,市,74.7,食品工業,Traditional,Food,18.3,食品
1232,大統益,市,188,食品工業,Traditional,Food,16,食品
1233,天仁,市,31.9,食品工業,Traditional,Food,9.06,食品
1234,黑松,市,130,食品工業,Traditional,Food,40.2,食品
1235,興泰,市,24,食品工業,Traditional,Food,9.9,食品
1236,宏亞,市,14.3,食品工業,Traditional,Food,10.8,食品
1256,鮮活果汁-KY,市,88,食品工業,Traditional,Food,3.38,食品
1301,台塑,市,5029,塑膠工業,Traditional,Plastic,637,塑膠
1303,南亞,市,4616,塑膠工業,Traditional,Plastic,793,塑膠
1304,台聚,市,185,塑膠工業,Traditional,Plastic,119,塑膠
1305,華夏,市,105,塑膠工業,Traditional,Plastic,55.3,塑膠
1307,三芳,市,79.8,塑膠工業,Traditional,Plastic,39.8,塑膠
1308,亞聚,市,101,塑膠工業,Traditional,Plastic,58.2,塑膠
1309,台達化,市,90.9,塑膠工業,Traditional,Plastic,34.4,塑膠
1310,台苯,市,83.4,塑膠工業,Traditional,Plastic,52.8,塑膠
1312,國喬,市,166,塑膠工業,Traditional,Plastic,90.7,塑膠
1313,聯成,市,165,塑膠工業,Traditional,Plastic,133,塑膠
1314,中石化,市,273,塑膠工業,Traditional,Plastic,328,塑膠
1315,達新,市,70.1,塑膠工業,Traditional,Plastic,19.8,塑膠
1316,上曜,市,20.1,建材營造業,Traditional,Construction,18.5,建材營造
1319,東陽,市,210,汽車工業,Traditional,Cars,59.1,汽車
1321,大洋,市,77,塑膠工業,Traditional,Plastic,22.7,塑膠
1323,永裕,市,30.1,塑膠工業,Traditional,Plastic,9.13,塑膠
1324,地球,市,7.29,塑膠工業,Traditional,Plastic,7.51,塑膠
1325,恆大,市,107,塑膠工業,Traditional,Plastic,8.53,塑膠
1326,台化,市,3956,塑膠工業,Traditional,Plastic,586,塑膠
1337,再生-KY,市,21.9,塑膠工業,Traditional,Plastic,26.9,塑膠
1338,廣華-KY,市,44.4,汽車工業,Traditional,Cars,8.38,汽車
1339,昭輝,市,30.2,汽車工業,Traditional,Cars,7.41,汽車
1340,勝悅-KY,市,18.4,塑膠工業,Traditional,Plastic,15.3,塑膠
1341,富林-KY,市,28.5,塑膠工業,Traditional,Plastic,4.94,塑膠
1342,八貫,市,38.5,其他業,Others,Others,6.78,其他
1402,遠東新,市,1344,紡織纖維,Traditional,Fabric,535,紡織纖維
1409,新纖,市,175,紡織纖維,Traditional,Fabric,162,紡織纖維
1410,南染,市,20.7,紡織纖維,Traditional,Fabric,6.3,紡織纖維
1413,宏洲,市,11.9,紡織纖維,Traditional,Fabric,13.2,紡織纖維
1414,東和,市,17.8,紡織纖維,Traditional,Fabric,22,紡織纖維
1416,廣豐,市,24.5,其他業,Others,Others,18.5,其他
1417,嘉裕,市,20.4,紡織纖維,Traditional,Fabric,19,紡織纖維
1418,東華,市,4.54,紡織纖維,Traditional,Fabric,5.68,紡織纖維
1419,新紡,市,128,紡織纖維,Traditional,Fabric,30,紡織纖維
1423,利華,市,19.9,紡織纖維,Traditional,Fabric,13.8,紡織纖維
1432,大魯閣,市,12.6,貿易百貨業,Others,Department,7.5,貿易百貨
1434,福懋,市,521,紡織纖維,Traditional,Fabric,168,紡織纖維
1435,中福,市,19,其他業,Others,Others,14,其他
1436,華友聯,市,36,建材營造業,Traditional,Construction,9.56,建材營造
1437,勤益控,市,46.2,其他業,Others,Others,20.3,其他
1438,三地開發,市,14.1,建材營造業,Traditional,Construction,10.2,建材營造
1439,中和,市,25.4,紡織纖維,Traditional,Fabric,9.2,紡織纖維
1440,南紡,市,185,紡織纖維,Traditional,Fabric,166,紡織纖維
1441,大東,市,8.25,紡織纖維,Traditional,Fabric,10.1,紡織纖維
1442,名軒,市,60.3,建材營造業,Traditional,Construction,30.8,建材營造
1443,立益,市,11.9,紡織纖維,Traditional,Fabric,13.5,紡織纖維
1444,力麗,市,118,紡織纖維,Traditional,Fabric,95.7,紡織纖維
1445,大宇,市,12.3,紡織纖維,Traditional,Fabric,13.1,紡織纖維
1446,宏和,市,40.9,紡織纖維,Traditional,Fabric,13.8,紡織纖維
1447,力鵬,市,61.4,紡織纖維,Traditional,Fabric,91.4,紡織纖維
1449,佳和,市,29.6,紡織纖維,Traditional,Fabric,18,紡織纖維
1451,年興,市,31.6,紡織纖維,Traditional,Fabric,19.8,紡織纖維
1452,宏益,市,20.3,紡織纖維,Traditional,Fabric,13.3,紡織纖維
1453,大將,市,8.52,紡織纖維,Traditional,Fabric,9.86,紡織纖維
1454,台富,市,10.6,紡織纖維,Traditional,Fabric,13,紡織纖維
1455,集盛,市,49.9,紡織纖維,Traditional,Fabric,57.8,紡織纖維
1456,怡華,市,9.37,紡織纖維,Traditional,Fabric,9.37,紡織纖維
1457,宜進,市,40.6,紡織纖維,Traditional,Fabric,30.2,紡織纖維
1459,聯發,市,29,紡織纖維,Traditional,Fabric,35.9,紡織纖維
1460,宏遠,市,47.6,紡織纖維,Traditional,Fabric,51,紡織纖維
1463,強盛,市,22.1,紡織纖維,Traditional,Fabric,17.3,紡織纖維
1464,得力,市,67.9,紡織纖維,Traditional,Fabric,38.5,紡織纖維
1465,偉全,市,13.5,紡織纖維,Traditional,Fabric,10.4,紡織纖維
1466,聚隆,市,25.1,紡織纖維,Traditional,Fabric,11.1,紡織纖維
1467,南緯,市,41.6,紡織纖維,Traditional,Fabric,23.4,紡織纖維
1468,昶和,市,18.4,紡織纖維,Traditional,Fabric,16,紡織纖維
1470,大統新創,市,15.1,紡織纖維,Traditional,Fabric,8.58,紡織纖維
1471,首利,市,11.9,電子零組件業,Electronic,Components,15,"電源供應器,電腦周邊產品,機殼業"
1472,三洋紡,市,5.48,紡織纖維,Traditional,Fabric,4.61,紡織纖維
1473,台南,市,26.3,紡織纖維,Traditional,Fabric,14.7,紡織纖維
1474,弘裕,市,15,紡織纖維,Traditional,Fabric,13,紡織纖維
1475,本盟,市,4.46,紡織纖維,Traditional,Fabric,3.6,紡織纖維
1476,儒鴻,市,966,紡織纖維,Traditional,Fabric,27.4,紡織纖維
1477,聚陽,市,368,紡織纖維,Traditional,Fabric,22,紡織纖維
1503,士電,市,244,電機機械,Traditional,Machinery,52.1,電機機械
1504,東元,市,590,電機機械,Traditional,Machinery,197,電機機械
1506,正道,市,19.1,電機機械,Traditional,Machinery,16.3,電機機械
1507,永大,市,220,電機機械,Traditional,Machinery,41.1,電機機械
1512,瑞利,市,11.4,汽車工業,Traditional,Cars,23.7,汽車
1513,中興電,市,179,電機機械,Traditional,Machinery,42,電機機械
1514,亞力,市,54.2,電機機械,Traditional,Machinery,21.7,電機機械
1515,力山,市,143,電機機械,Traditional,Machinery,18.1,電機機械
1516,川飛,市,6.11,其他業,Others,Others,3.44,其他
1517,利奇,市,25.3,電機機械,Traditional,Machinery,22.8,電機機械
1519,華城,市,109,電機機械,Traditional,Machinery,26.1,電機機械
1521,大億,市,39.6,汽車工業,Traditional,Cars,7.62,汽車
1522,堤維西,市,64.1,汽車工業,Traditional,Cars,31.3,汽車
1524,耿鼎,市,15.5,汽車工業,Traditional,Cars,18,汽車
1525,江申,市,46,汽車工業,Traditional,Cars,7.34,汽車
1526,日馳,市,29.7,電機機械,Traditional,Machinery,6,電機機械
1527,鑽全,市,52.1,電機機械,Traditional,Machinery,13.9,電機機械
1528,恩德,市,15.6,電機機械,Traditional,Machinery,19.9,電機機械
1529,樂士,市,14.6,電機機械,Traditional,Machinery,9.6,電機機械
1530,亞崴,市,28.6,電機機械,Traditional,Machinery,9.66,電機機械
1531,高林股,市,20.3,電機機械,Traditional,Machinery,18.4,電機機械
1532,勤美,市,114,電機機械,Traditional,Machinery,37.6,電機機械
1533,車王電,市,28.1,汽車工業,Traditional,Cars,9.85,汽車
1535,中宇,市,39.2,電機機械,Traditional,Machinery,12.4,電機機械
1536,和大,市,228,汽車工業,Traditional,Cars,25.5,汽車
1537,廣隆,市,112,電機機械,Traditional,Machinery,8.18,電機機械
1538,正峰新,市,0.96,電機機械,Traditional,Machinery,5.61,電機機械
1539,巨庭,市,13.9,電機機械,Traditional,Machinery,6.54,電機機械
1540,喬福,市,12.3,電機機械,Traditional,Machinery,8.55,電機機械
1541,錩泰,市,40.1,電機機械,Traditional,Machinery,7.88,電機機械
1558,伸興,市,81.4,電機機械,Traditional,Machinery,6.05,電機機械
1560,中砂,市,83.8,電機機械,Traditional,Machinery,14.1,電機機械
1568,倉佑,市,15.8,汽車工業,Traditional,Cars,10.3,汽車
1582,信錦,市,101,電子零組件業,Electronic,Components,12.4,電子零組件
1583,程泰,市,65,電機機械,Traditional,Machinery,11,電機機械
1587,吉茂,市,16.1,汽車工業,Traditional,Cars,6.54,汽車
1589,永冠-KY,市,94,電機機械,Traditional,Machinery,10.6,電機機械
1590,亞德客-KY,市,1168,電機機械,Traditional,Machinery,18.9,電機機械
1592,英瑞-KY,市,11.8,汽車工業,Traditional,Cars,11.1,汽車
1597,直得,市,81.2,電機機械,Traditional,Machinery,8.12,電機機械
1598,岱宇,市,136,生技醫療業,Biotech,Biotech,11.5,生技醫療
1603,華電,市,52.1,電器電纜,Traditional,Cable,19.2,電器電纜
1604,聲寶,市,84,電器電纜,Traditional,Cable,38.7,電器電纜
1605,華新,市,514,電器電纜,Traditional,Cable,329,光通訊
1608,華榮,市,61.4,電器電纜,Traditional,Cable,63.3,光通訊
1609,大亞,市,95.8,電器電纜,Traditional,Cable,59.5,電器電纜
1611,中電,市,35.2,電器電纜,Traditional,Cable,32.3,電器電纜
1612,宏泰,市,42.7,電器電纜,Traditional,Cable,31.6,電器電纜
1614,三洋電,市,96.9,電器電纜,Traditional,Cable,26.9,電器電纜
1615,大山,市,26.2,電器電纜,Traditional,Cable,12.3,電器電纜
1616,億泰,市,10.1,電器電纜,Traditional,Cable,19.4,電器電纜
1617,榮星,市,18.3,電器電纜,Traditional,Cable,14.4,電器電纜
1618,合機,市,21.8,電器電纜,Traditional,Cable,24.1,電器電纜
1626,艾美特-KY,市,34.3,電器電纜,Traditional,Cable,14,電器電纜
1701,中化,市,68.6,生技醫療業,Biotech,Biotech,29.8,生技醫療
1702,南僑,市,123,食品工業,Traditional,Food,29.4,食品
1707,葡萄王,市,236,生技醫療業,Biotech,Biotech,13.6,生技醫療
1708,東鹼,市,51.5,化學工業,Traditional,Chemical,22.8,化工
1709,和益,市,63.7,化學工業,Traditional,Chemical,47.7,化工
1710,東聯,市,140,化學工業,Traditional,Chemical,88.6,化工
1711,永光,市,87.1,化學工業,Traditional,Chemical,54.8,化工
1712,興農,市,81.8,化學工業,Traditional,Chemical,42,化工
1713,國化,市,26.9,化學工業,Traditional,Chemical,15.1,化工
1714,和桐,市,100,化學工業,Traditional,Chemical,102,化工
1717,長興,市,396,化學工業,Traditional,Chemical,124,化工
1718,中纖,市,121,化學工業,Traditional,Chemical,162,化工
1720,生達,市,67.6,生技醫療業,Biotech,Biotech,17.9,生技醫療
1721,三晃,市,22.2,化學工業,Traditional,Chemical,22.2,化工
1722,台肥,市,485,化學工業,Traditional,Chemical,98,化工
1723,中碳,市,215,化學工業,Traditional,Chemical,23.7,化工
1724,台硝,市,16.2,化學工業,Traditional,Chemical,12.8,化工
1725,元禎,市,24.7,化學工業,Traditional,Chemical,18.2,化工
1726,永記,市,111,化學工業,Traditional,Chemical,16.2,化工
1727,中華化,市,12.2,化學工業,Traditional,Chemical,11,化工
1730,花仙子,市,43.8,化學工業,Traditional,Chemical,6.32,化工
1731,美吾華,市,21.4,生技醫療業,Biotech,Biotech,13.3,生技醫療
1732,毛寶,市,8.59,化學工業,Traditional,Chemical,4.24,化工
1733,五鼎,市,24.2,生技醫療業,Biotech,Biotech,10,生技醫療
1734,杏輝,市,62.8,生技醫療業,Biotech,Biotech,16.8,生技醫療
1735,日勝化,市,16.4,化學工業,Traditional,Chemical,9.94,化工
1736,喬山,市,190,生技醫療業,Biotech,Biotech,30.4,生技醫療
1737,臺鹽,市,60.9,食品工業,Traditional,Food,20,食品
1760,寶齡富錦,市,92.1,生技醫療業,Biotech,Biotech,7.67,生技醫療
1762,中化生,市,52.6,生技醫療業,Biotech,Biotech,7.76,生技醫療
1773,勝一,市,178,化學工業,Traditional,Chemical,18,化工
1776,展宇,市,10.8,化學工業,Traditional,Chemical,7.03,化工
1783,和康生,市,15.5,生技醫療業,Biotech,Biotech,6.95,生技醫療
1786,科妍,市,42.4,生技醫療業,Biotech,Biotech,6.1,生技醫療
1789,神隆,市,233,生技醫療業,Biotech,Biotech,79.1,生技醫療
1795,美時,市,196,生技醫療業,Biotech,Biotech,24.5,生技醫療
1802,台玻,市,340,玻璃陶瓷,Traditional,Glass,291,玻璃陶瓷
1805,寶徠,市,10,建材營造業,Traditional,Construction,10,建材營造
1806,冠軍,市,27.8,玻璃陶瓷,Traditional,Glass,43.4,玻璃陶瓷
1808,潤隆,市,188,建材營造業,Traditional,Construction,30.8,建材營造
1809,中釉,市,17.4,玻璃陶瓷,Traditional,Glass,16.7,玻璃陶瓷
1810,和成,市,34.1,玻璃陶瓷,Traditional,Glass,37,玻璃陶瓷
1817,凱撒衛,市,21.8,玻璃陶瓷,Traditional,Glass,7.26,玻璃陶瓷
1903,士紙,市,141,造紙工業,Traditional,Paper,26,造紙
1904,正隆,市,350,造紙工業,Traditional,Paper,111,造紙
1905,華紙,市,96.5,造紙工業,Traditional,Paper,110,造紙
1906,寶隆,市,20.6,造紙工業,Traditional,Paper,15.1,造紙
1907,永豐餘,市,279,造紙工業,Traditional,Paper,166,造紙
1909,榮成,市,201,造紙工業,Traditional,Paper,122,造紙
2002,中鋼,市,3171,鋼鐵工業,Traditional,Steel,1573,鋼鐵
2006,東和鋼鐵,市,282,鋼鐵工業,Traditional,Steel,100,鋼鐵
2007,燁興,市,34.9,鋼鐵工業,Traditional,Steel,53.1,鋼鐵
2008,高興昌,市,26,鋼鐵工業,Traditional,Steel,20.1,鋼鐵
2009,第一銅,市,31,鋼鐵工業,Traditional,Steel,36,鋼鐵
2010,春源,市,67.4,鋼鐵工業,Traditional,Steel,64.8,鋼鐵
2012,春雨,市,46.9,鋼鐵工業,Traditional,Steel,28.8,鋼鐵
2013,中鋼構,市,57.1,鋼鐵工業,Traditional,Steel,20,鋼鐵
2014,中鴻,市,132,鋼鐵工業,Traditional,Steel,144,鋼鐵
2015,豐興,市,323,鋼鐵工業,Traditional,Steel,58.2,鋼鐵
2017,官田鋼,市,27.7,鋼鐵工業,Traditional,Steel,34.2,鋼鐵
2020,美亞,市,35,鋼鐵工業,Traditional,Steel,22.3,鋼鐵
2022,聚亨,市,25.9,鋼鐵工業,Traditional,Steel,48,鋼鐵
2023,燁輝,市,175,鋼鐵工業,Traditional,Steel,189,鋼鐵
2024,志聯,市,13.8,鋼鐵工業,Traditional,Steel,9.75,鋼鐵
2025,千興,市,9.87,鋼鐵工業,Traditional,Steel,28.1,鋼鐵
2027,大成鋼,市,238,鋼鐵工業,Traditional,Steel,126,鋼鐵
2028,威致,市,32.2,鋼鐵工業,Traditional,Steel,32.6,鋼鐵
2029,盛餘,市,58.6,鋼鐵工業,Traditional,Steel,32.1,鋼鐵
2030,彰源,市,28,鋼鐵工業,Traditional,Steel,28.1,鋼鐵
2031,新光鋼,市,93.5,鋼鐵工業,Traditional,Steel,30.7,鋼鐵
2032,新鋼,市,12.2,鋼鐵工業,Traditional,Steel,13.1,鋼鐵
2033,佳大,市,7.99,鋼鐵工業,Traditional,Steel,8.07,鋼鐵
2034,允強,市,92.8,鋼鐵工業,Traditional,Steel,40.7,鋼鐵
2038,海光,市,18,鋼鐵工業,Traditional,Steel,18.1,鋼鐵
2049,上銀,市,899,電機機械,Traditional,Machinery,31.9,電機機械
2059,川湖,市,264,電子零組件業,Electronic,Components,9.53,電子零組件
2062,橋椿,市,38.7,其他業,Others,Others,16.3,其他
2069,運錩,市,23,鋼鐵工業,Traditional,Steel,15.6,鋼鐵
2101,南港,市,354,橡膠工業,Traditional,Rubber,83.4,橡膠
2102,泰豐,市,89.7,橡膠工業,Traditional,Rubber,47.3,橡膠
2103,台橡,市,140,橡膠工業,Traditional,Rubber,82.6,橡膠
2104,國際中橡,市,189,橡膠工業,Traditional,Rubber,98.5,橡膠
2105,正新,市,1167,橡膠工業,Traditional,Rubber,324,橡膠
2106,建大,市,262,橡膠工業,Traditional,Rubber,90.9,橡膠
2107,厚生,市,65.9,橡膠工業,Traditional,Rubber,34.2,橡膠
2108,南帝,市,232,橡膠工業,Traditional,Rubber,49.2,橡膠
2109,華豐,市,39.9,橡膠工業,Traditional,Rubber,33.2,橡膠
2114,鑫永銓,市,56.6,橡膠工業,Traditional,Rubber,7.09,橡膠
2115,六暉-KY,市,36.3,汽車工業,Traditional,Cars,9.04,汽車
2201,裕隆,市,226,汽車工業,Traditional,Cars,157,汽車
2204,中華,市,229,汽車工業,Traditional,Cars,55.4,汽車
2206,三陽工業,市,180,汽車工業,Traditional,Cars,81.4,汽車
2207,和泰車,市,3293,汽車工業,Traditional,Cars,54.6,汽車
2208,台船,市,113,航運業,Others,Shipping,47.3,航運業
2211,長榮鋼 ,市,291,鋼鐵工業,Traditional,Steel,42,鋼鐵
2227,裕日車,市,729,汽車工業,Traditional,Cars,30,汽車
2228,劍麟,市,57.5,汽車工業,Traditional,Cars,7.58,汽車
2231,為升,市,188,汽車工業,Traditional,Cars,12.2,汽車
2233,宇隆,市,41.6,汽車工業,Traditional,Cars,6.03,汽車
2236,百達-KY,市,7.73,汽車工業,Traditional,Cars,4.48,汽車
2239,英利-KY,市,88.6,汽車工業,Traditional,Cars,11.8,汽車
2241,艾姆勒,市,43,電機機械,Traditional,Machinery,8.48,電機機械
2243,宏旭-KY,市,5.33,汽車工業,Traditional,Cars,4.57,汽車
2247,汎德永業,市,189,汽車工業,Traditional,Cars,8.07,汽車
2250,IKKA-KY,市,52.6,汽車工業,Traditional,Cars,2.7,汽車
2301,光寶科,市,1058,電腦及週邊設備業,Electronic,Computers,235,"LED發光二極體,行動電話,電源供應器,電腦周邊產品,機殼業,辦公室自動化"
2302,麗正,市,24.4,半導體業,Electronic,Semi,16.6,半導體
2303,聯電,市,3106,半導體業,Electronic,Semi,1242,"晶圓代工,IC生產"
2305,全友,市,15.6,電腦及週邊設備業,Electronic,Computers,20.6,"掃描器,電腦周邊產品"
2308,台達電,市,4585,電子零組件業,Electronic,Components,260,"LED發光二極體,光通訊,被動元件,軟體業,資訊服務,電源供應器,監視器"
2312,金寶,市,155,其他電子業,Electronic,Others,147,"消費性電子產品,印表機,行動電話,電腦周邊產品"
2313,華通,市,490,電子零組件業,Electronic,Components,119,印刷電路板
2314,台揚,市,49.7,通信網路業,Electronic,Communications,22.8,"行動電話,電信設備"
2316,楠梓電,市,55,電子零組件業,Electronic,Components,18.3,印刷電路板
2317,鴻海,市,10300,其他電子業,Electronic,Others,1386,"主機板,光通訊,伺服器,消費性電子產品,連接器,行動電話,電腦系統整合,監視器,數位相機"
2321,東訊,市,2.17,通信網路業,Electronic,Communications,31.5,通信網路
2323,中環,市,88.8,光電業,Electronic,Opto,116,光碟片
2324,仁寶,市,833,電腦及週邊設備業,Electronic,Computers,441,"伺服器,消費性電子產品,行動電話,監視器"
2327,國巨,市,1607,電子零組件業,Electronic,Components,49.4,被動元件
2328,廣宇,市,86.6,電子零組件業,Electronic,Components,51.8,"連接器,印刷電路板,電腦周邊產品"
2329,華泰,市,56.6,半導體業,Electronic,Semi,55.7,IC封測
2330,台積電,市,109945,半導體業,Electronic,Semi,2593,"晶圓代工,IC生產"
2331,精英,市,69.4,電腦及週邊設備業,Electronic,Computers,55.7,"主機板,消費性電子產品,電腦系統整合"
2332,友訊,市,112,通信網路業,Electronic,Communications,65.2,消費性電子產品
2337,旺宏,市,539,半導體業,Electronic,Semi,186,"晶圓代工,IC生產"
2338,光罩,市,67.1,半導體業,Electronic,Semi,25.3,半導體
2340,光磊,市,83.7,光電業,Electronic,Opto,37.9,"LED發光二極體,監視器"
2342,茂矽,市,43.1,半導體業,Electronic,Semi,15.6,晶圓代工
2344,華邦電,市,488,半導體業,Electronic,Semi,398,"DRAM,IC生產"
2345,智邦,市,1183,通信網路業,Electronic,Communications,55.9,無線網路
2347,聯強,市,680,電子通路業,Electronic,Distribution,167,資訊通路
2348,海悅,市,80.8,其他業,Others,Others,8.75,"掃描器,DRAM模組,電腦周邊產品"
2349,錸德,市,39.1,光電業,Electronic,Opto,128,"光通訊,光碟片,電腦周邊產品"
2351,順德,市,100,半導體業,Electronic,Semi,18.2,導線架
2352,佳世達,市,356,電腦及週邊設備業,Electronic,Computers,197,"消費性電子產品,掃描器,光碟機,行動電話,電腦周邊產品,監視器"
2353,宏碁,市,738,電腦及週邊設備業,Electronic,Computers,307,"伺服器,消費性電子產品,筆記型電腦,行動電話,資訊通路,電腦系統整合,監視器"
2354,鴻準,市,713,其他電子業,Electronic,Others,141,行動電話
2355,敬鵬,市,105,電子零組件業,Electronic,Components,39.7,印刷電路板
2356,英業達,市,789,電腦及週邊設備業,Electronic,Computers,359,"行動電話,伺服器,消費性電子產品,電腦周邊產品"
2357,華碩,市,1831,電腦及週邊設備業,Electronic,Computers,74.3,"主機板,行動電話,消費性電子產品,筆記型電腦,電腦系統整合"
2358,廷鑫,市,14.4,其他業,Others,Others,9.46,其他
2359,所羅門,市,30.9,其他電子業,Electronic,Others,17.1,其他電子
2360,致茂,市,635,其他電子業,Electronic,Others,42.1,其他電子
2362,藍天,市,195,電腦及週邊設備業,Electronic,Computers,67,資訊通路
2363,矽統,市,57.1,半導體業,Electronic,Semi,55.4,IC設計
2364,倫飛,市,10.9,電腦及週邊設備業,Electronic,Computers,19.6,筆記型電腦
2365,昆盈,市,22.4,電腦及週邊設備業,Electronic,Computers,23.5,"消費性電子產品,掃描器,電腦周邊產品"
2367,燿華,市,126,電子零組件業,Electronic,Components,61.9,印刷電路板
2368,金像電,市,240,電子零組件業,Electronic,Components,54.6,印刷電路板
2369,菱生,市,39.3,半導體業,Electronic,Semi,38,IC封測
2371,大同,市,356,電機機械,Traditional,Machinery,234,電機機械
2373,震旦行,市,199,其他電子業,Electronic,Others,23.6,"資訊通路,電腦周邊產品,辦公室自動化"
2374,佳能,市,35.7,光電業,Electronic,Opto,28.2,數位相機
2375,凱美,市,50.8,電子零組件業,Electronic,Components,13.6,被動元件
2376,技嘉,市,479,電腦及週邊設備業,Electronic,Computers,63.6,"主機板,伺服器,消費性電子產品,筆記型電腦,電腦系統整合,電腦周邊產品"
2377,微星,市,1081,電腦及週邊設備業,Electronic,Computers,84.5,"主機板,伺服器,筆記型電腦,電腦系統整合,電腦周邊產品"
2379,瑞昱,市,1795,半導體業,Electronic,Semi,51.1,IC設計
2380,虹光,市,12.5,電腦及週邊設備業,Electronic,Computers,17.9,"掃描器,電腦周邊產品,辦公室自動化"
2382,廣達,市,2835,電腦及週邊設備業,Electronic,Computers,386,"行動電話,伺服器,消費性電子產品"
2383,台光電,市,469,電子零組件業,Electronic,Components,32.5,電子零組件
2385,群光,市,621,電子零組件業,Electronic,Components,73.9,"行動電話,電源供應器,電腦周邊產品,數位相機"
2387,精元,市,128,電腦及週邊設備業,Electronic,Computers,19.6,電腦周邊產品
2388,威盛,市,175,半導體業,Electronic,Semi,49.3,"IC設計,監視器"
2390,云辰,市,33.7,其他電子業,Electronic,Others,21.4,"LED發光二極體,消費性電子產品,軟體業,資訊服務"
2392,正崴,市,211,電子零組件業,Electronic,Components,51.2,"行動電話,消費性電子產品,連接器"
2393,億光,市,157,光電業,Electronic,Opto,44.3,LED發光二極體
2395,研華,市,2152,電腦及週邊設備業,Electronic,Computers,77.1,電腦及週邊設備
2397,友通,市,75.6,電腦及週邊設備業,Electronic,Computers,11.5,主機板
2399,映泰,市,19.1,電腦及週邊設備業,Electronic,Computers,17.8,"主機板,電腦周邊產品"
2401,凌陽,市,79.6,半導體業,Electronic,Semi,59.2,IC設計
2402,毅嘉,市,48.9,電子零組件業,Electronic,Components,30.8,行動電話
2404,漢唐,市,365,其他電子業,Electronic,Others,19.1,其他電子
2405,浩鑫,市,30.7,電腦及週邊設備業,Electronic,Computers,34.3,"主機板,消費性電子產品"
2406,國碩,市,51.5,光電業,Electronic,Opto,28.6,光碟片
2408,南亞科,市,1624,半導體業,Electronic,Semi,307,"DRAM,IC生產"
2409,友達,市,1035,光電業,Electronic,Opto,962,TFT-LCD
2412,中華電,市,8339,通信網路業,Electronic,Communications,776,電信服務
2413,環科,市,18.4,電子零組件業,Electronic,Components,12.7,"被動元件,電源供應器"
2414,精技,市,39.1,電子通路業,Electronic,Distribution,16.2,資訊通路
2415,錩新,市,11.8,電子零組件業,Electronic,Components,8,模具沖壓
2417,圓剛,市,114,電腦及週邊設備業,Electronic,Computers,19.3,消費性電子產品
2419,仲琦,市,65.1,通信網路業,Electronic,Communications,32.9,"軟體業,資訊服務"
2420,新巨,市,47.2,電子零組件業,Electronic,Components,15.3,"光通訊,電源供應器"
2421,建準,市,150,電子零組件業,Electronic,Components,25.1,電子零組件
2423,固緯,市,31.8,其他電子業,Electronic,Others,14.5,其他電子
2424,隴華,市,4.42,電腦及週邊設備業,Electronic,Computers,3,消費性電子產品
2425,承啟,市,24.9,電腦及週邊設備業,Electronic,Computers,10.1,"主機板,消費性電子產品,DRAM模組,電源供應器,機殼業"
2426,鼎元,市,44,光電業,Electronic,Opto,30.1,LED發光二極體
2427,三商電,市,19.1,資訊服務業,Electronic,Service,18.4,"軟體業,資訊服務"
2428,興勤,市,125,電子零組件業,Electronic,Components,12.8,"IC設計,被動元件"
2429,銘旺科,市,6.17,電子零組件業,Electronic,Components,3.67,印刷電路板
2430,燦坤,市,30.3,電子通路業,Electronic,Distribution,16.6,資訊通路
2431,聯昌,市,10.3,電子零組件業,Electronic,Components,11.1,電源供應器
2433,互盛電,市,68.8,其他電子業,Electronic,Others,14.4,"資訊通路,辦公室自動化"
2434,統懋,市,4.32,半導體業,Electronic,Semi,1.7,半導體
2436,偉詮電,市,51.9,半導體業,Electronic,Semi,17.8,IC設計
2438,翔耀,市,6.37,光電業,Electronic,Opto,9.52,LED發光二極體
2439,美律,市,301,通信網路業,Electronic,Communications,20.9,行動電話
2440,太空梭,市,16.2,電子零組件業,Electronic,Components,13.9,連接器
2441,超豐,市,277,半導體業,Electronic,Semi,56.9,IC封測
2442,新美齊,市,26.7,電腦及週邊設備業,Electronic,Computers,26.7,監視器
2443,億麗,市,8.51,其他業,Others,Others,14.6,"消費性電子產品,光碟片"
2444,兆勁,市,14.5,通信網路業,Electronic,Communications,10.6,消費性電子產品
2449,京元電子,市,373,半導體業,Electronic,Semi,122,IC封測
2450,神腦,市,72.8,通信網路業,Electronic,Communications,25.8,資訊通路
2451,創見,市,272,半導體業,Electronic,Semi,42.9,"消費性電子產品,DRAM模組,Flash模組,電腦周邊產品"
2453,凌群,市,16.1,資訊服務業,Electronic,Service,10,"軟體業,資訊服務"
2454,聯發科,市,9294,半導體業,Electronic,Semi,159,"IC設計,行動電話"
2455,全新,市,140,通信網路業,Electronic,Communications,18.5,光通訊
2456,奇力新,市,234,電子零組件業,Electronic,Components,25.5,被動元件
2457,飛宏,市,32.9,電子零組件業,Electronic,Components,33.8,"LED發光二極體,電源供應器"
2458,義隆,市,439,半導體業,Electronic,Semi,30.4,"IC設計,行動電話"
2459,敦吉,市,43.1,電子通路業,Electronic,Distribution,10.6,電子通路
2460,建通,市,21.1,電子零組件業,Electronic,Components,16.9,"光通訊,連接器,導線架"
2461,光群雷,市,24.6,其他電子業,Electronic,Others,15.9,其他電子
2462,良得電,市,34.9,電子零組件業,Electronic,Components,14.2,連接器
2464,盟立,市,78.4,其他電子業,Electronic,Others,19.6,其他電子
2465,麗臺,市,7.77,電腦及週邊設備業,Electronic,Computers,5.36,電腦及週邊設備
2466,冠西電,市,46.7,光電業,Electronic,Opto,15.6,光電
2467,志聖,市,40.4,電子零組件業,Electronic,Components,14.9,電子零組件
2468,華經,市,9.09,資訊服務業,Electronic,Service,7,"軟體業,資訊服務,電腦周邊產品"
2471,資通,市,9.36,資訊服務業,Electronic,Service,4.73,"軟體業,資訊服務"
2472,立隆電,市,64.4,電子零組件業,Electronic,Components,12.9,被動元件
2474,可成,市,1340,其他電子業,Electronic,Others,76.2,"行動電話,機殼業"
2476,鉅祥,市,34.8,電子零組件業,Electronic,Components,18.5,模具沖壓
2477,美隆電,市,42.8,其他電子業,Electronic,Others,19.8,其他電子
2478,大毅,市,91.5,電子零組件業,Electronic,Components,14.5,"LED發光二極體,被動元件"
2480,敦陽科,市,65.2,資訊服務業,Electronic,Service,10.6,"伺服器,軟體業,資訊服務"
2481,強茂,市,116,半導體業,Electronic,Semi,33.3,半導體
2482,連宇,市,6.42,其他電子業,Electronic,Others,6.21,電腦周邊產品
2483,百容,市,20.4,電子零組件業,Electronic,Components,10.9,"連接器,模具沖壓,導線架"
2484,希華,市,32.3,電子零組件業,Electronic,Components,15.9,被動元件
2485,兆赫,市,55.6,通信網路業,Electronic,Communications,31.8,消費性電子產品
2486,一詮,市,21.9,光電業,Electronic,Opto,20.2,"LED發光二極體,導線架"
2488,漢平,市,22.2,其他電子業,Electronic,Others,8,其他電子
2489,瑞軒,市,77.9,光電業,Electronic,Opto,80.9,監視器
2491,吉祥全,市,7.06,光電業,Electronic,Opto,8.2,"LED發光二極體,光碟片"
2492,華新科,市,709,電子零組件業,Electronic,Components,48.6,被動元件
2493,揚博,市,36.7,電子零組件業,Electronic,Components,11.4,電子零組件
2495,普安,市,33,其他電子業,Electronic,Others,27.4,電腦周邊產品
2496,卓越,市,11.3,其他業,Others,Others,1.92,其他
2497,怡利電,市,19,汽車工業,Traditional,Cars,11.9,汽車
2498,宏達電,市,232,通信網路業,Electronic,Communications,81.9,"行動電話,消費性電子產品,軟體業"
2501,國建,市,224,建材營造業,Traditional,Construction,116,建材營造
2504,國產,市,271,建材營造業,Traditional,Construction,138,建材營造
2505,國揚,市,164,建材營造業,Traditional,Construction,69.7,建材營造
2506,太設,市,36,建材營造業,Traditional,Construction,38.7,建材營造
2509,全坤建,市,433,建材營造業,Traditional,Construction,22.5,建材營造
2511,太子,市,168,建材營造業,Traditional,Construction,162,建材營造
2514,龍邦,市,54.9,其他業,Others,Others,39.5,其他
2515,中工,市,114,建材營造業,Traditional,Construction,153,建材營造
2516,新建,市,11.8,建材營造業,Traditional,Construction,22.6,建材營造
2520,冠德,市,192,建材營造業,Traditional,Construction,50.4,建材營造
2524,京城,市,142,建材營造業,Traditional,Construction,37.5,建材營造
2527,宏璟,市,48.8,建材營造業,Traditional,Construction,27,建材營造
2528,皇普,市,64.6,建材營造業,Traditional,Construction,27.7,建材營造
2530,華建,市,41.3,建材營造業,Traditional,Construction,27.1,建材營造
2534,宏盛,市,104,建材營造業,Traditional,Construction,59.3,建材營造
2535,達欣工,市,77.4,建材營造業,Traditional,Construction,31.9,建材營造
2536,宏普,市,77.9,建材營造業,Traditional,Construction,33.3,建材營造
2537,聯上發,市,32.3,建材營造業,Traditional,Construction,30.1,建材營造
2538,基泰,市,43,建材營造業,Traditional,Construction,43.8,建材營造
2539,櫻花建,市,169,建材營造業,Traditional,Construction,55.7,建材營造
2540,愛山林,市,94.8,建材營造業,Traditional,Construction,14.7,建材營造
2542,興富發,市,484,建材營造業,Traditional,Construction,117,建材營造
2543,皇昌,市,16.7,建材營造業,Traditional,Construction,24.2,建材營造
2545,皇翔,市,125,建材營造業,Traditional,Construction,32.8,建材營造
2546,根基,市,51,建材營造業,Traditional,Construction,10.6,建材營造
2547,日勝生,市,90.9,建材營造業,Traditional,Construction,90,建材營造
2548,華固,市,238,建材營造業,Traditional,Construction,27.7,建材營造
2597,潤弘,市,80.1,建材營造業,Traditional,Construction,13.5,建材營造
2601,益航,市,60.2,貿易百貨業,Others,Department,63.1,貿易百貨
2603,長榮,市,741,航運業,Others,Shipping,481,航運業
2605,新興,市,82.8,航運業,Others,Shipping,58.5,航運業
2606,裕民,市,241,航運業,Others,Shipping,84.5,航運業
2607,榮運,市,143,航運業,Others,Shipping,107,航運業
2608,嘉里大榮,市,177,航運業,Others,Shipping,46.7,航運業
2609,陽明,市,254,航運業,Others,Shipping,260,航運業
2610,華航,市,439,航運業,Others,Shipping,542,航運業
2611,志信,市,11.9,航運業,Others,Shipping,17.3,航運業
2612,中航,市,48.8,航運業,Others,Shipping,19.7,航運業
2613,中櫃,市,21.3,航運業,Others,Shipping,14.8,航運業
2614,東森,市,85.5,貿易百貨業,Others,Department,55.7,貿易百貨
2615,萬海,市,454,航運業,Others,Shipping,222,航運業
2616,山隆,市,40.6,油電燃氣業,Traditional,Gas,13.7,油電燃氣
2617,台航,市,68.2,航運業,Others,Shipping,41.7,航運業
2618,長榮航,市,522,航運業,Others,Shipping,485,航運業
2630,亞航,市,19,航運業,Others,Shipping,12,航運業
2633,台灣高鐵,市,1731,航運業,Others,Shipping,563,航運業
2634,漢翔,市,264,航運業,Others,Shipping,94.2,航運業
2636,台驊投控,市,39.1,航運業,Others,Shipping,11.7,航運業
2637,慧洋-KY,市,161,航運業,Others,Shipping,74.6,航運業
2642,宅配通,市,30.6,航運業,Others,Shipping,9.55,航運業
2701,萬企,市,52.2,觀光事業,Others,Tourism,45,觀光
2702,華園,市,16.7,觀光事業,Others,Tourism,11,觀光
2704,國賓,市,105,觀光事業,Others,Tourism,36.7,觀光
2705,六福,市,33.4,觀光事業,Others,Tourism,18.7,觀光
2706,第一店,市,64.2,觀光事業,Others,Tourism,50,觀光
2707,晶華,市,166,觀光事業,Others,Tourism,12.7,觀光
2712,遠雄來,市,49.4,觀光事業,Others,Tourism,10.5,觀光
2722,夏都,市,30.2,觀光事業,Others,Tourism,11.2,觀光
2723,美食-KY,市,180,觀光事業,Others,Tourism,18,觀光
2727,王品,市,56.6,觀光事業,Others,Tourism,7.7,觀光
2731,雄獅,市,45.8,觀光事業,Others,Tourism,7,觀光
2739,寒舍,市,25.1,觀光事業,Others,Tourism,11.2,觀光
2748,雲品,市,26.1,觀光事業,Others,Tourism,6.56,觀光
2801,彰銀,市,1781,銀行業,Finance,Banking,1038,金融保險
2809,京城銀,市,412,銀行業,Finance,Banking,112,金融保險
2812,台中銀,市,412,銀行業,Finance,Banking,390,金融保險
2816,旺旺保,市,39.2,保險業,Finance,Insurance,21.3,金融保險
2820,華票,市,194,銀行業,Finance,Banking,134,金融保險
2823,中壽,市,868,保險業,Finance,Insurance,446,金融保險
2832,台產,市,70.8,保險業,Finance,Insurance,36.2,金融保險
2834,臺企銀,市,699,銀行業,Finance,Banking,749,金融保險
2836,高雄銀,市,107,銀行業,Finance,Banking,108,金融保險
2838,聯邦銀,市,308,銀行業,Finance,Banking,309,金融保險
2841,台開,市,53.7,建材營造業,Traditional,Construction,76.1,建材營造
2845,遠東銀,市,348,銀行業,Finance,Banking,336,金融保險
2849,安泰銀,市,281,銀行業,Finance,Banking,196,金融保險
2850,新產,市,109,保險業,Finance,Insurance,31.6,金融保險
2851,中再保,市,118,保險業,Finance,Insurance,59,金融保險
2852,第一保,市,38.2,保險業,Finance,Insurance,30.1,金融保險
2855,統一證,市,213,證券業,Finance,Security,140,金融保險
2867,三商壽,市,211,保險業,Finance,Insurance,237,金融保險
2880,華南金,市,2250,金控業,Finance,Holdings,1285,金融保險
2881,富邦金,市,4175,金控業,Finance,Holdings,1023,金融保險
2882,國泰金,市,5017,金控業,Finance,Holdings,1317,金融保險
2883,開發金,市,1247,金控業,Finance,Holdings,1497,金融保險
2884,玉山金,市,3179,金控業,Finance,Holdings,1257,金融保險
2885,元大金,市,2100,金控業,Finance,Holdings,1214,金融保險
2886,兆豐金,市,3733,金控業,Finance,Holdings,1360,金融保險
2887,台新金,市,1363,金控業,Finance,Holdings,1091,金融保險
2888,新光金,市,1027,金控業,Finance,Holdings,1302,金融保險
2889,國票金,市,330,金控業,Finance,Holdings,290,金融保險
2890,永豐金,市,1195,金控業,Finance,Holdings,1128,金融保險
2891,中信金,市,3431,金控業,Finance,Holdings,1950,金融保險
2892,第一金,市,2586,金控業,Finance,Holdings,1284,金融保險
2897,王道銀行,市,162,銀行業,Finance,Banking,241,金融保險
2901,欣欣,市,17.2,貿易百貨業,Others,Department,7.3,貿易百貨
2903,遠百,市,347,貿易百貨業,Others,Department,142,貿易百貨
2904,匯僑,市,16.5,其他業,Others,Others,6.9,其他
2905,三商,市,194,貿易百貨業,Others,Department,90.9,貿易百貨
2906,高林,市,28.5,貿易百貨業,Others,Department,20.9,貿易百貨
2908,特力,市,119,貿易百貨業,Others,Department,51,貿易百貨
2910,統領,市,64.3,貿易百貨業,Others,Department,20.9,貿易百貨
2911,麗嬰房,市,12.3,貿易百貨業,Others,Department,18.5,貿易百貨
2912,統一超,市,2687,貿易百貨業,Others,Department,104,貿易百貨
2913,農林,市,129,貿易百貨業,Others,Department,79,貿易百貨
2915,潤泰全,市,365,貿易百貨業,Others,Department,56.5,貿易百貨
2923,鼎固-KY,市,395,建材營造業,Traditional,Construction,174,建材營造
2929,淘帝-KY,市,31.5,貿易百貨業,Others,Department,9.5,貿易百貨
2936,客思達-KY,市,15.1,貿易百貨業,Others,Department,7.66,貿易百貨
2939,凱羿-KY,市,51.7,貿易百貨業,Others,Department,4.57,貿易百貨
3002,歐格,市,11,電腦及週邊設備業,Electronic,Computers,10.2,"被動元件,電源供應器,監視器"
3003,健和興,市,60.1,電子零組件業,Electronic,Components,15.6,"LED發光二極體,連接器"
3004,豐達科,市,26.1,鋼鐵工業,Traditional,Steel,5.26,鋼鐵
3005,神基,市,263,電腦及週邊設備業,Electronic,Computers,58.4,"消費性電子產品,筆記型電腦,模具沖壓,機殼業"
3006,晶豪科,市,102,半導體業,Electronic,Semi,28.6,IC設計
3008,大立光,市,4500,光電業,Electronic,Opto,13.4,"行動電話,數位相機"
3010,華立,市,128,電子通路業,Electronic,Distribution,23.1,電子通路
3011,今皓,市,7.52,電子零組件業,Electronic,Components,11.3,連接器
3013,晟銘電,市,19.8,電腦及週邊設備業,Electronic,Computers,15.6,"模具沖壓,機殼業"
3014,聯陽,市,109,半導體業,Electronic,Semi,16.1,IC設計
3015,全漢,市,57.4,電子零組件業,Electronic,Components,18.7,電源供應器
3016,嘉晶,市,180,半導體業,Electronic,Semi,27.4,半導體
3017,奇鋐,市,230,電腦及週邊設備業,Electronic,Computers,35.3,機殼業
3018,同開,市,16.4,其他電子業,Electronic,Others,7.35,其他電子
3019,亞光,市,175,光電業,Electronic,Opto,28.1,"行動電話,數位相機"
3021,鴻名,市,13.8,電子零組件業,Electronic,Components,9.4,"軟體業,資訊服務"
3022,威強電,市,73.9,電腦及週邊設備業,Electronic,Computers,17.7,"主機板,伺服器,電腦周邊產品"
3023,信邦,市,410,電子零組件業,Electronic,Components,23.3,連接器
3024,憶聲,市,31.5,光電業,Electronic,Opto,27.7,消費性電子產品
3025,星通,市,13.5,通信網路業,Electronic,Communications,7.09,電信設備
3026,禾伸堂,市,154,電子零組件業,Electronic,Components,15.8,被動元件
3027,盛達,市,20.2,通信網路業,Electronic,Communications,9.89,電源供應器
3028,增你強,市,42.8,電子通路業,Electronic,Distribution,21.4,電子通路
3029,零壹,市,46.9,資訊服務業,Electronic,Service,12.5,"軟體業,資訊服務"
3030,德律,市,132,其他電子業,Electronic,Others,23.6,其他電子
3031,佰鴻,市,24.7,光電業,Electronic,Opto,18.2,LED發光二極體
3032,偉訓,市,45.3,電子零組件業,Electronic,Components,11.3,"LED發光二極體,電源供應器,機殼業"
3033,威健,市,63.1,電子通路業,Electronic,Distribution,36.8,資訊通路
3034,聯詠,市,1482,半導體業,Electronic,Semi,60.9,"IC設計,行動電話"
3035,智原,市,104,半導體業,Electronic,Semi,24.9,IC設計
3036,文曄,市,283,電子通路業,Electronic,Distribution,77.7,電子通路
3037,欣興,市,1091,電子零組件業,Electronic,Components,150,印刷電路板
3038,全台,市,27.7,光電業,Electronic,Opto,16.2,光電
3040,遠見,市,20.4,其他業,Others,Others,6.3,其他
3041,揚智,市,43.4,半導體業,Electronic,Semi,19.4,IC設計
3042,晶技,市,228,電子零組件業,Electronic,Components,31,"IC設計,被動元件"
3043,科風,市,22,其他電子業,Electronic,Others,19.5,其他電子
3044,健鼎,市,578,電子零組件業,Electronic,Components,52.6,印刷電路板
3045,台灣大,市,3394,通信網路業,Electronic,Communications,351,電信服務
3046,建碁,市,11.2,電腦及週邊設備業,Electronic,Computers,7.14,"光碟機,監視器,機殼業"
3047,訊舟,市,25.6,通信網路業,Electronic,Communications,18.6,IC設計
3048,益登,市,38.1,電子通路業,Electronic,Distribution,22.3,電子通路
3049,和鑫,市,74.7,光電業,Electronic,Opto,80.7,光電
3050,鈺德,市,15.8,光電業,Electronic,Opto,14.6,光碟片
3051,力特,市,15.9,光電業,Electronic,Opto,32.5,光電
3052,夆典,市,24.6,建材營造業,Traditional,Construction,22.9,LED發光二極體
3054,立萬利,市,19.9,半導體業,Electronic,Semi,8.78,"DRAM模組,Flash模組,電腦周邊產品"
3055,蔚華科,市,32.1,電子通路業,Electronic,Distribution,10.2,電子通路
3056,總太,市,77.3,建材營造業,Traditional,Construction,20.9,建材營造
3057,喬鼎,市,8.9,電腦及週邊設備業,Electronic,Computers,8.81,電腦周邊產品
3058,立德,市,12.3,電子零組件業,Electronic,Components,16.2,電源供應器
3059,華晶科,市,69.6,光電業,Electronic,Opto,28,"IC設計,行動電話,數位相機"
3060,銘異,市,18.4,電腦及週邊設備業,Electronic,Computers,13.8,"電腦周邊產品,模具沖壓"
3062,建漢,市,45.7,通信網路業,Electronic,Communications,32.9,"消費性電子產品,無線網路"
3090,日電貿,市,76.6,電子零組件業,Electronic,Components,17.9,被動元件
3092,鴻碩,市,29.9,電子零組件業,Electronic,Components,8.05,連接器
3094,聯傑,市,15.8,半導體業,Electronic,Semi,8.46,IC設計
3130,一零四,市,48.5,資訊服務業,Electronic,Service,3.32,資訊服務
3138,耀登,市,166,通信網路業,Electronic,Communications,4.67,電子工業
3149,正達,市,21.4,光電業,Electronic,Opto,20.6,光電
3164,景岳,市,20.6,生技醫療業,Biotech,Biotech,8.78,生技醫療
3167,大量,市,33.9,電機機械,Traditional,Machinery,8.01,電機機械
3189,景碩,市,282,半導體業,Electronic,Semi,45.1,印刷電路板
3209,全科,市,34.3,電子通路業,Electronic,Distribution,18,電子通路
3229,晟鈦,市,8.88,電子零組件業,Electronic,Components,9.35,"消費性電子產品,印刷電路板"
3231,緯創,市,828,電腦及週邊設備業,Electronic,Computers,284,"行動電話,伺服器,消費性電子產品,電腦系統整合,監視器"
3257,虹冠電,市,46.6,半導體業,Electronic,Semi,7.27,IC設計
3266,昇陽,市,46.5,建材營造業,Traditional,Construction,35.2,建材營造
3296,勝德,市,13,電子零組件業,Electronic,Components,9.67,電源供應器
3305,昇貿,市,27.2,其他電子業,Electronic,Others,11.8,IC封測
3308,聯德,市,7.1,電子零組件業,Electronic,Components,9.86,電源供應器
3311,閎暉,市,16.3,通信網路業,Electronic,Communications,6,行動電話
3312,弘憶股,市,157,電子通路業,Electronic,Distribution,12.5,電子通路
3321,同泰,市,18.9,電子零組件業,Electronic,Components,12.6,電子零組件
3338,泰碩,市,49.3,電子零組件業,Electronic,Components,8.73,連接器
3346,麗清,市,21.5,汽車工業,Traditional,Cars,7.58,汽車
3356,奇偶,市,20.9,光電業,Electronic,Opto,8.98,"消費性電子產品,監視器"
3376,新日興,市,234,電子零組件業,Electronic,Components,19.2,模具沖壓
3380,明泰,市,136,通信網路業,Electronic,Communications,54.2,無線網路
3383,新世紀,市,3.64,光電業,Electronic,Opto,7,LED發光二極體
3406,玉晶光,市,645,光電業,Electronic,Opto,11.1,"LED發光二極體,行動電話,數位相機"
3413,京鼎,市,144,半導體業,Electronic,Semi,8.27,半導體
3416,融程電,市,52.6,電腦及週邊設備業,Electronic,Computers,7.22,監視器
3419,譁裕,市,15.1,通信網路業,Electronic,Communications,12,通信網路
3432,台端,市,8.19,電子零組件業,Electronic,Components,6.66,"連接器,電腦周邊產品"
3437,榮創,市,30.7,光電業,Electronic,Opto,14.5,LED發光二極體
3443,創意,市,346,半導體業,Electronic,Semi,13.4,IC設計
3450,聯鈞,市,89.2,其他電子業,Electronic,Others,14.6,IC封測
3454,晶睿,市,62.9,光電業,Electronic,Opto,8.7,消費性電子產品
3481,群創,市,898,光電業,Electronic,Opto,971,TFT-LCD
3494,誠研,市,9.83,電腦及週邊設備業,Electronic,Computers,17.9,"印表機,電腦周邊產品"
3501,維熹,市,53.5,電子零組件業,Electronic,Components,11.8,電源供應器
3504,揚明光,市,62.2,光電業,Electronic,Opto,11.4,"電腦周邊產品,監視器"
3515,華擎,市,209,電腦及週邊設備業,Electronic,Computers,12.1,主機板
3518,柏騰,市,20.6,其他電子業,Electronic,Others,8.08,其他電子
3528,安馳,市,25.7,電子通路業,Electronic,Distribution,6.56,資訊通路
3530,晶相光,市,65.1,半導體業,Electronic,Semi,7.81,IC設計
3532,台勝科,市,399,半導體業,Electronic,Semi,38.8,半導體
3533,嘉澤,市,469,電子零組件業,Electronic,Components,10.3,連接器
3535,晶彩科,市,13.3,光電業,Electronic,Opto,7.91,光電
3536,誠創,市,5.83,半導體業,Electronic,Semi,10.7,半導體
3543,州巧,市,16.8,光電業,Electronic,Opto,9,模具沖壓
3545,敦泰,市,64.2,半導體業,Electronic,Semi,30,"IC設計,行動電話"
3550,聯穎,市,12.2,電子零組件業,Electronic,Components,8.5,連接器
3557,嘉威,市,52.6,其他業,Others,Others,7.23,其他
3563,牧德,市,126,光電業,Electronic,Opto,4.47,光電
3576,聯合再生,市,311,光電業,Electronic,Opto,267,光電
3583,辛耘,市,43.5,半導體業,Electronic,Semi,8.11,半導體
3588,通嘉,市,15.6,半導體業,Electronic,Semi,4.69,IC設計
3591,艾笛森,市,13.8,光電業,Electronic,Opto,12.3,LED發光二極體
3593,力銘,市,9.09,電子零組件業,Electronic,Components,8.3,模具沖壓
3596,智易,市,174,通信網路業,Electronic,Communications,20.8,消費性電子產品
3605,宏致,市,36.2,電子零組件業,Electronic,Components,12.2,連接器
3607,谷崧,市,14.4,電子零組件業,Electronic,Components,12.2,模具沖壓
3617,碩天,市,60.1,其他電子業,Electronic,Others,8.1,"電源供應器,電腦周邊產品"
3622,洋華,市,31.7,光電業,Electronic,Opto,15.1,光電
3645,達邁,市,75.3,電子零組件業,Electronic,Components,13,電子零組件
3653,健策,市,347,電子零組件業,Electronic,Components,12.1,"LED發光二極體,連接器,模具沖壓,導線架"
3661,世芯-KY,市,298,半導體業,Electronic,Semi,6.11,IC設計
3665,貿聯-KY,市,294,其他電子業,Electronic,Others,13.1,連接器
3669,圓展,市,99.9,光電業,Electronic,Opto,9.29,"消費性電子產品,監視器"
3673,TPK-KY,市,194,光電業,Electronic,Opto,40.7,光電
3679,新至陞,市,57.7,電子零組件業,Electronic,Components,6.23,模具沖壓
3682,亞太電,市,380,通信網路業,Electronic,Communications,382,電信設備
3686,達能,市,17.8,半導體業,Electronic,Semi,11.4,半導體
3694,海華,市,43.2,通信網路業,Electronic,Communications,15,通信網路
3701,大眾控,市,25.1,電腦及週邊設備業,Electronic,Computers,19,消費性電子產品
3702,大聯大,市,637,電子通路業,Electronic,Distribution,168,資訊通路
3703,欣陸,市,155,建材營造業,Traditional,Construction,82.3,建材營造
3704,合勤控,市,104,通信網路業,Electronic,Communications,44.1,電信設備
3705,永信,市,114,生技醫療業,Biotech,Biotech,26.6,生技醫療
3706,神達,市,333,電腦及週邊設備業,Electronic,Computers,121,"伺服器,電腦周邊產品"
3708,上緯投控,市,133,化學工業,Traditional,Chemical,9.35,化工
3711,日月光投控,市,2555,半導體業,Electronic,Semi,434,IC封測
3712,永崴投控,市,90.2,電腦及週邊設備業,Electronic,Computers,24.6,"掃描器,DRAM模組,Flash模組,電腦周邊產品,數位相機,辦公室自動化"
3714,富采,市,553,光電業,Electronic,Opto,68.6,電子工業
4104,佳醫,市,77.8,生技醫療業,Biotech,Biotech,14.1,生技醫療
4106,雃博,市,29.4,生技醫療業,Biotech,Biotech,10.1,生技醫療
4108,懷特,市,41.7,生技醫療業,Biotech,Biotech,16.4,生技醫療
4119,旭富,市,92.6,生技醫療業,Biotech,Biotech,7.95,生技醫療
4133,亞諾法,市,45.7,生技醫療業,Biotech,Biotech,6.06,生技醫療
4137,麗豐-KY,市,144,生技醫療業,Biotech,Biotech,7.95,生技醫療
4141,龍燈-KY,市,19.8,生技醫療業,Biotech,Biotech,17.1,生技醫療
4142,國光生,市,295,生技醫療業,Biotech,Biotech,40.9,生技醫療
4148,全宇生技-KY,市,22.1,生技醫療業,Biotech,Biotech,6.4,生技醫療
4155,訊映,市,26.5,生技醫療業,Biotech,Biotech,9.49,生技醫療
4164,承業醫,市,54,生技醫療業,Biotech,Biotech,14.2,生技醫療
4190,佐登-KY,市,49.5,生技醫療業,Biotech,Biotech,6.09,生技醫療
4306,炎洲,市,78.7,塑膠工業,Traditional,Plastic,57,塑膠
4414,如興,市,98,紡織纖維,Traditional,Fabric,82,紡織纖維
4426,利勤,市,47.3,紡織纖維,Traditional,Fabric,17.3,紡織纖維
4438,廣越,市,111,紡織纖維,Traditional,Fabric,10.3,紡織纖維
4439,冠星-KY,市,33.4,紡織纖維,Traditional,Fabric,3.15,紡織纖維
4526,東台,市,33.2,電機機械,Traditional,Machinery,25.5,電機機械
4532,瑞智,市,97.4,電機機械,Traditional,Machinery,50.5,電機機械
4536,拓凱,市,129,其他業,Others,Others,9.08,其他
4540,全球傳動,市,43.1,電機機械,Traditional,Machinery,9.67,電機機械
4545,銘鈺,市,22.9,電子零組件業,Electronic,Components,7.7,"電腦周邊產品,模具沖壓"
4551,智伸科,市,170,汽車工業,Traditional,Cars,10.6,汽車
4552,力達-KY,市,42.6,電機機械,Traditional,Machinery,11.6,電機機械
4555,氣立,市,31.6,電機機械,Traditional,Machinery,6.69,電機機械
4557,永新-KY,市,24.2,汽車工業,Traditional,Cars,3.98,汽車
4560,強信-KY,市,26.2,電機機械,Traditional,Machinery,6.79,電機機械
4562,穎漢,市,11.4,電機機械,Traditional,Machinery,6.75,電機機械
4564,元翎,市,52.9,電機機械,Traditional,Machinery,18,電機機械
4566,時碩工業,市,23.6,電機機械,Traditional,Machinery,6.73,電機機械
4571,鈞興-KY,市,32.4,電機機械,Traditional,Machinery,4.76,電機機械
4572,駐龍,市,27.7,電機機械,Traditional,Machinery,3.58,電機機械
4576,大銀微系統,市,85,電機機械,Traditional,Machinery,11.9,電機機械
4581,光隆精密-KY,市,12.5,汽車工業,Traditional,Cars,3.39,汽車
4720,德淵,市,11.6,化學工業,Traditional,Chemical,8.92,化工
4722,國精化,市,26.9,化學工業,Traditional,Chemical,10,化工
4737,華廣,市,42.3,生技醫療業,Biotech,Biotech,6.15,生技醫療
4739,康普,市,52.2,化學工業,Traditional,Chemical,9.3,化工
4746,台耀,市,53.1,生技醫療業,Biotech,Biotech,10.8,生技醫療
4755,三福化,市,56.8,化學工業,Traditional,Chemical,9.07,化工
4763,材料-KY,市,70,化學工業,Traditional,Chemical,5.11,化工
4764,雙鍵,市,45.2,化學工業,Traditional,Chemical,7.54,化工
4766,南寶,市,151,化學工業,Traditional,Chemical,12.1,化工
4807,日成-KY,市,11.1,貿易百貨業,Others,Department,3.84,貿易百貨
4904,遠傳,市,1978,通信網路業,Electronic,Communications,326,電信服務
4906,正文,市,90.3,通信網路業,Electronic,Communications,35.8,電信設備
4912,聯德控股-KY,市,52.4,電子零組件業,Electronic,Components,4.7,模具沖壓
4915,致伸,市,189,電子零組件業,Electronic,Components,45.1,"掃描器,印表機,電腦周邊產品,辦公室自動化"
4916,事欣科,市,16.8,電腦及週邊設備業,Electronic,Computers,8.35,電腦及週邊設備
4919,新唐,市,118,半導體業,Electronic,Semi,28.8,"IC設計,晶圓代工,IC生產"
4927,泰鼎-KY,市,138,電子零組件業,Electronic,Components,19,印刷電路板
4930,燦星網,市,17.6,電器電纜,Traditional,Cable,13.4,電器電纜
4934,太極,市,61.6,光電業,Electronic,Opto,20,光電
4935,茂林-KY,市,132,光電業,Electronic,Opto,13.1,模具沖壓
4938,和碩,市,1600,電腦及週邊設備業,Electronic,Computers,261,"主機板,行動電話,伺服器,消費性電子產品,電腦系統整合,監視器"
4942,嘉彰,市,52.1,光電業,Electronic,Opto,14.2,模具沖壓
4943,康控-KY,市,106,電子零組件業,Electronic,Components,15.7,連接器
4952,凌通,市,32.9,半導體業,Electronic,Semi,10.9,IC設計
4956,光鋐,市,17.9,光電業,Electronic,Opto,10,LED發光二極體
4958,臻鼎-KY,市,1110,電子零組件業,Electronic,Components,90.2,印刷電路板
4960,誠美材,市,53.8,光電業,Electronic,Opto,66.6,光電
4961,天鈺,市,55.6,半導體業,Electronic,Semi,16.6,IC設計
4967,十銓,市,22.7,半導體業,Electronic,Semi,6.83,"DRAM模組,電腦周邊產品"
4968,立積,市,139,半導體業,Electronic,Semi,6.21,半導體
4976,佳凌,市,52.3,光電業,Electronic,Opto,11.9,數位相機
4977,眾達-KY,市,69.7,通信網路業,Electronic,Communications,6.87,通信網路
4989,榮科,市,24.4,電子零組件業,Electronic,Components,15.3,電子零組件
4994,傳奇,市,66.4,資訊服務業,Electronic,Service,11.1,"軟體業,遊戲軟體業"
4999,鑫禾,市,32.6,電子零組件業,Electronic,Components,7.44,電子零組件
5007,三星,市,130,鋼鐵工業,Traditional,Steel,29.5,鋼鐵
5203,訊連,市,93.2,資訊服務業,Electronic,Service,8.39,軟體業
5215,科嘉-KY,市,79.8,電腦及週邊設備業,Electronic,Computers,5.93,電腦周邊產品
5225,東科-KY,市,13.6,其他電子業,Electronic,Others,6.15,其他電子
5234,達興材料,市,82.2,光電業,Electronic,Opto,10.3,光電
5243,乙盛-KY,市,55.2,光電業,Electronic,Opto,16.9,模具沖壓
5258,虹堡,市,18.4,電腦及週邊設備業,Electronic,Computers,8.95,電腦周邊產品
5269,祥碩,市,980,半導體業,Electronic,Semi,6.92,IC設計
5283,禾聯碩,市,73.7,電器電纜,Traditional,Cable,7.3,電器電纜
5284,jpp-KY,市,14.8,其他業,Others,Others,4.37,其他
5285,界霖,市,40.5,半導體業,Electronic,Semi,9.41,導線架
5288,豐祥-KY,市,62.5,電機機械,Traditional,Machinery,6.58,電機機械
5388,中磊,市,179,通信網路業,Electronic,Communications,24.9,伺服器
5434,崇越,市,204,電子通路業,Electronic,Distribution,18.2,電子通路
5469,瀚宇博,市,201,電子零組件業,Electronic,Components,52.8,印刷電路板
5471,松翰,市,113,半導體業,Electronic,Semi,16.8,IC設計
5484,慧友,市,6.78,光電業,Electronic,Opto,6.81,消費性電子產品
5515,建國,市,29.9,建材營造業,Traditional,Construction,25.7,建材營造
5519,隆大,市,31.2,建材營造業,Traditional,Construction,21.9,建材營造
5521,工信,市,48.1,建材營造業,Traditional,Construction,44.8,建材營造
5522,遠雄,市,344,建材營造業,Traditional,Construction,78.2,建材營造
5525,順天,市,54.9,建材營造業,Traditional,Construction,26.5,建材營造
5531,鄉林,市,99.7,建材營造業,Traditional,Construction,97.8,建材營造
5533,皇鼎,市,45.5,建材營造業,Traditional,Construction,28.5,建材營造
5534,長虹,市,228,建材營造業,Traditional,Construction,29,建材營造
5538,東明-KY,市,51.8,鋼鐵工業,Traditional,Steel,16.8,鋼鐵
5546,永固-KY,市,53.6,建材營造業,Traditional,Construction,7.67,建材營造
5607,遠雄港,市,59.7,航運業,Others,Shipping,23,航運業
5608,四維航,市,18.6,航運業,Others,Shipping,27.9,航運業
5706,鳳凰,市,19,觀光事業,Others,Tourism,6.71,觀光
5871,中租-KY,市,1747,其他業,Others,Others,138,其他
5876,上海商銀,市,1721,銀行業,Finance,Banking,448,金融保險
5880,合庫金,市,2554,金控業,Finance,Holdings,1333,金融保險
5906,台南-KY,市,9.87,貿易百貨業,Others,Department,3,貿易百貨
5907,大洋-KY,市,43.5,貿易百貨業,Others,Department,19.6,貿易百貨
6005,群益證,市,230,證券業,Finance,Security,217,金融保險
6024,群益期,市,76.5,證券業,Finance,Security,21,金融保險
6108,競國,市,32.7,電子零組件業,Electronic,Components,16,印刷電路板
6112,聚碩,市,69.9,資訊服務業,Electronic,Service,18.8,"軟體業,資訊服務"
6115,鎰勝,市,76.8,電子零組件業,Electronic,Components,18.8,連接器
6116,彩晶,市,255,光電業,Electronic,Opto,313,TFT-LCD
6117,迎廣,市,15.3,電腦及週邊設備業,Electronic,Computers,8.86,機殼業
6120,達運,市,70.9,光電業,Electronic,Opto,66.6,監視器
6128,上福,市,33.9,電腦及週邊設備業,Electronic,Computers,12.8,電腦周邊產品
6133,金橋,市,8.95,電子零組件業,Electronic,Components,11.7,"連接器,光通訊"
6136,富爾特,市,19.8,通信網路業,Electronic,Communications,11.6,"軟體業,電信服務"
6139,亞翔,市,58.9,其他電子業,Electronic,Others,22.6,其他電子
6141,柏承,市,30.6,電子零組件業,Electronic,Components,12.9,印刷電路板
6142,友勁,市,21.7,通信網路業,Electronic,Communications,26.8,通信網路
6152,百一,市,14.7,通信網路業,Electronic,Communications,16.8,"消費性電子產品,無線網路,電信設備"
6153,嘉聯益,市,146,電子零組件業,Electronic,Components,55.6,印刷電路板
6155,鈞寶,市,17.5,電子零組件業,Electronic,Components,8.68,被動元件
6164,華興,市,6.76,光電業,Electronic,Opto,10,LED發光二極體
6165,捷泰,市,37.3,電子零組件業,Electronic,Components,5.32,"消費性電子產品,連接器"
6166,凌華,市,141,電腦及週邊設備業,Electronic,Computers,21.7,伺服器
6168,宏齊,市,28.5,光電業,Electronic,Opto,20.6,LED發光二極體
6172,互億,市,7.62,電腦及週邊設備業,Electronic,Computers,3,電腦及週邊設備
6176,瑞儀,市,495,光電業,Electronic,Opto,46.5,光電
6177,達麗,市,80.8,建材營造業,Traditional,Construction,34.1,資訊通路
6183,關貿,市,69.9,資訊服務業,Electronic,Service,15,"軟體業,資訊服務"
6184,大豐電,市,63.9,其他業,Others,Others,15.8,其他
6189,豐藝,市,58.7,電子通路業,Electronic,Distribution,17.9,電子通路
6191,精成科,市,97.7,電子零組件業,Electronic,Components,51.6,印刷電路板
6192,巨路,市,66,其他電子業,Electronic,Others,10.7,其他電子
6196,帆宣,市,187,其他電子業,Electronic,Others,18.7,其他電子
6197,佳必琪,市,39.2,電子零組件業,Electronic,Components,12.2,"連接器,電腦周邊產品"
6201,亞弘電,市,30.2,其他電子業,Electronic,Others,8.92,消費性電子產品
6202,盛群,市,143,半導體業,Electronic,Semi,22.6,IC設計
6205,詮欣,市,22.2,電子零組件業,Electronic,Components,7.18,連接器
6206,飛捷,市,87.1,電腦及週邊設備業,Electronic,Computers,14.3,消費性電子產品
6209,今國光,市,54.2,光電業,Electronic,Opto,16.3,數位相機
6213,聯茂,市,388,電子零組件業,Electronic,Components,33.3,電子零組件
6214,精誠,市,220,資訊服務業,Electronic,Service,26.9,"軟體業,資訊服務"
6215,和椿,市,12.5,其他電子業,Electronic,Others,8.28,其他電子
6216,居易,市,21.5,通信網路業,Electronic,Communications,8.57,通信網路
6224,聚鼎,市,61,電子零組件業,Electronic,Components,8,"LED發光二極體,被動元件"
6225,天瀚,市,5.74,光電業,Electronic,Opto,12.7,"消費性電子產品,監視器,數位相機"
6226,光鼎,市,8.75,光電業,Electronic,Opto,11.5,LED發光二極體
6230,超眾,市,222,電腦及週邊設備業,Electronic,Computers,8.63,電腦及週邊設備
6235,華孚,市,25.3,電腦及週邊設備業,Electronic,Computers,16.9,"行動電話,模具沖壓"
6239,力成,市,653,半導體業,Electronic,Semi,77.9,IC封測
6243,迅杰,市,8.77,半導體業,Electronic,Semi,7.5,IC設計
6251,定穎,市,52,電子零組件業,Electronic,Components,31.1,印刷電路板
6257,矽格,市,157,半導體業,Electronic,Semi,42.2,IC封測
6269,台郡,市,414,電子零組件業,Electronic,Components,34.6,印刷電路板
6271,同欣電,市,293,半導體業,Electronic,Semi,23.7,"IC封測,LED發光二極體,印刷電路板"
6277,宏正,市,97.7,電腦及週邊設備業,Electronic,Computers,11.9,"消費性電子產品,電腦周邊產品"
6278,台表科,市,295,光電業,Electronic,Opto,29.2,"LED發光二極體,印刷電路板"
6281,全國電,市,67.6,電子通路業,Electronic,Distribution,9.92,資訊通路
6282,康舒,市,120,電子零組件業,Electronic,Components,51.7,"LED發光二極體,電源供應器"
6283,淳安,市,42,其他電子業,Electronic,Others,14.8,"行動電話,電腦周邊產品"
6285,啟碁,市,297,通信網路業,Electronic,Communications,39.8,行動電話
6288,聯嘉,市,60.2,汽車工業,Traditional,Cars,17.1,汽車
6289,華上,市,6.04,光電業,Electronic,Opto,10.5,LED發光二極體
6405,悅城,市,12.6,光電業,Electronic,Opto,6.58,光電
6409,旭隼,市,768,其他電子業,Electronic,Others,8.33,其他電子
6412,群電,市,257,電子零組件業,Electronic,Components,38.9,"LED發光二極體,電源供應器"
6414,樺漢,市,203,電腦及週邊設備業,Electronic,Computers,9.33,電腦及週邊設備
6415,矽力-KY,市,1558,半導體業,Electronic,Semi,9.22,IC設計
6416,瑞祺電通,市,95.9,通信網路業,Electronic,Communications,6.8,通信網路
6426,統新 ,市,40.2,通信網路業,Electronic,Communications,3.85,通信網路
6431,光麗-KY,市,13.1,光電業,Electronic,Opto,4.56,光電
6438,迅得,市,50,其他電子業,Electronic,Others,6.03,其他電子
6442,光聖,市,20.6,通信網路業,Electronic,Communications,6.93,連接器
6443,元晶,市,110,光電業,Electronic,Opto,37.9,光電
6449,鈺邦,市,39.4,電子零組件業,Electronic,Components,8.45,被動元件
6451,訊芯-KY,市,99.2,半導體業,Electronic,Semi,10.7,IC封測
6456,GIS-KY,市,414,光電業,Electronic,Opto,33.9,光電
6464,台數科,市,158,其他業,Others,Others,12.3,其他
6477,安集,市,33.2,光電業,Electronic,Opto,9.45,光電
6491,晶碩,市,136,生技醫療業,Biotech,Biotech,7,生技醫療
6504,南六,市,173,其他業,Others,Others,7.26,其他
6505,台塑化,市,7630,油電燃氣業,Traditional,Gas,953,油電燃氣
6515,穎崴,市,135,半導體業,Electronic,Semi,3.36,電子工業
6525,捷敏-KY,市,71.4,半導體業,Electronic,Semi,12.9,IC封測
6531,愛普,市,247,半導體業,Electronic,Semi,7.39,IC設計
6533,晶心科,市,63.1,半導體業,Electronic,Semi,4.27,IC設計
6541,泰福-KY,市,104,生技醫療業,Biotech,Biotech,26.4,生技醫療
6552,易華電,市,37.5,半導體業,Electronic,Semi,10,半導體
6558,興能高,市,29.7,其他電子業,Electronic,Others,8.69,其他電子
6573,虹揚-KY,市,12.1,半導體業,Electronic,Semi,8.05,半導體
6579,研揚,市,101,電腦及週邊設備業,Electronic,Computers,14.8,電腦及週邊設備
6581,鋼聯,市,74.1,其他業,Others,Others,11.1,其他
6582,申豐,市,171,橡膠工業,Traditional,Rubber,10.5,橡膠
6591,動力-KY,市,15.7,電腦及週邊設備業,Electronic,Computers,2.82,電腦及週邊設備
6592,和潤企業,市,405,其他業,Others,Others,51.5,其他
6598,ABC-KY,市,84.8,生技醫療業,Biotech,Biotech,8.13,生技醫療
6605,帝寶,市,77.1,汽車工業,Traditional,Cars,16.6,汽車
6625,必應,市,14.1,其他業,Others,Others,3.94,其他
6641,基士德-KY,市,21.1,其他業,Others,Others,3.4,其他
6655,科定,市,33.8,其他業,Others,Others,7.56,其他
6666,羅麗芬-KY,市,47.9,生技醫療業,Biotech,Biotech,4.74,生技醫療
6668,中揚光,市,34,光電業,Electronic,Opto,6.84,光電
6669,緯穎,市,1128,電腦及週邊設備業,Electronic,Computers,17.5,"伺服器,軟體業,資訊服務"
6670,復盛應用,市,223,其他業,Others,Others,13.1,其他
6671,三能-KY,市,22.7,其他業,Others,Others,6.08,其他
6672,騰輝電子-KY,市,49.4,電子零組件業,Electronic,Components,7.07,電子零組件
6674,鋐寶科技,市,17.2,通信網路業,Electronic,Communications,6.69,消費性電子產品
6698,旭暉應材,市,26.2,其他電子業,Electronic,Others,6.64,其他電子
6706,惠特,市,94.7,光電業,Electronic,Opto,6.67,光電
6715,嘉基,市,71.5,電子零組件業,Electronic,Components,5.7,電子零組件
6743,安普新,市,168,其他電子業,Electronic,Others,12.2,電子工業
6754,匯僑設計,市,29.4,其他業,Others,Others,6.6,其他
6756,威鋒電子,市,186,半導體業,Electronic,Semi,6.75,電子工業
6768,志強-KY,市,149,其他業,Others,Others,19.6,其他
6776,展碁國際 ,市,40.3,電子通路業,Electronic,Distribution,8.16,資訊通路
6781,AES-KY,市,574,電子零組件業,Electronic,Components,8.54,電源供應器
8011,台通,市,18.7,通信網路業,Electronic,Communications,11.8,通信網路
8016,矽創,市,152,半導體業,Electronic,Semi,12,"IC設計,行動電話"
8021,尖點,市,29.1,其他電子業,Electronic,Others,14.2,其他電子
8028,昇陽半導體,市,60,半導體業,Electronic,Semi,13.2,晶圓代工
8033,雷虎,市,12,其他業,Others,Others,11.3,其他
8039,台虹,市,101,電子零組件業,Electronic,Components,20.9,電子零組件
8046,南電,市,730,電子零組件業,Electronic,Components,64.6,印刷電路板
8070,長華*,市,124,電子通路業,Electronic,Distribution,63.9,IC封測
8072,陞泰,市,24.4,電子通路業,Electronic,Distribution,8,消費性電子產品
8081,致新,市,128,半導體業,Electronic,Semi,8.62,IC設計
8101,華冠,市,13.7,通信網路業,Electronic,Communications,20.8,"行動電話,消費性電子產品"
8103,瀚荃,市,23.4,電子零組件業,Electronic,Components,8.14,連接器
8104,錸寶,市,30.1,光電業,Electronic,Opto,6.76,光電
8105,凌巨,市,42,光電業,Electronic,Opto,44.2,光電
8110,華東,市,47.7,半導體業,Electronic,Semi,50.6,IC封測
8112,至上,市,110,電子通路業,Electronic,Distribution,37.8,電子通路
8114,振樺電,市,60.1,電腦及週邊設備業,Electronic,Computers,10.6,電腦及週邊設備
8131,福懋科,市,152,半導體業,Electronic,Semi,44.2,"IC封測,LED發光二極體,DRAM模組"
8150,南茂,市,198,半導體業,Electronic,Semi,72.7,IC封測
8163,達方,市,104,電腦及週邊設備業,Electronic,Computers,28,"被動元件,電源供應器,電腦周邊產品"
8201,無敵,市,5.65,其他電子業,Electronic,Others,6.24,"消費性電子產品,軟體業"
8210,勤誠,市,103,電腦及週邊設備業,Electronic,Computers,12.1,"模具沖壓,機殼業"
8213,志超,市,104,電子零組件業,Electronic,Components,27.1,印刷電路板
8215,明基材,市,66.4,光電業,Electronic,Opto,32.1,光電
8222,寶一,市,9.12,電機機械,Traditional,Machinery,6.86,電機機械
8249,菱光,市,21,電子零組件業,Electronic,Components,12.7,"行動電話,數位相機"
8261,富鼎,市,28.1,半導體業,Electronic,Semi,8.13,IC設計
8271,宇瞻,市,34.6,半導體業,Electronic,Semi,10.1,"DRAM模組,Flash模組,電腦周邊產品"
8341,日友,市,264,其他業,Others,Others,11.2,其他
8367,建新國際,市,20.7,航運業,Others,Shipping,8.11,航運業
8374,羅昇,市,25.1,電機機械,Traditional,Machinery,11.2,電機機械
8404,百和興業-KY,市,86.7,其他業,Others,Others,31.5,其他
8411,福貞-KY,市,22.2,其他業,Others,Others,17.5,其他
8422,可寧衛,市,172,其他業,Others,Others,10.9,其他
8427,基勝-KY,市,46.7,其他業,Others,Others,10.4,其他
8429,金麗-KY,市,16,貿易百貨業,Others,Department,18.6,貿易百貨
8442,威宏-KY,市,28.2,其他業,Others,Others,6,其他
8443,阿瘦,市,6.85,貿易百貨業,Others,Department,6.68,貿易百貨
8454,富邦媒,市,945,貿易百貨業,Others,Department,14,貿易百貨
8462,柏文,市,114,觀光事業,Others,Tourism,7.37,觀光
8463,潤泰材,市,54.5,其他業,Others,Others,15,其他
8464,億豐,市,971,其他業,Others,Others,29.3,其他
8466,美吉吉-KY,市,40.8,其他業,Others,Others,6.61,其他
8467,波力-KY,市,23.6,其他業,Others,Others,4.95,其他
8473,山林水,市,54.8,其他業,Others,Others,13.5,其他
8478,東哥遊艇,市,57.2,其他業,Others,Others,9.09,其他
8480,泰昇-KY,市,45.8,其他業,Others,Others,3.93,其他
8481,政伸,市,44.8,其他業,Others,Others,6.66,其他
8482,商億-KY,市,116,其他業,Others,Others,11,其他
8488,吉源-KY,市,9.25,其他業,Others,Others,6.75,其他
8499,鼎炫-KY,市,66.4,其他業,Others,Others,5.13,其他
8926,台汽電,市,222,油電燃氣業,Traditional,Gas,58.9,油電燃氣
8940,新天地,市,6.7,觀光事業,Others,Tourism,6.75,觀光
8996,高力,市,44.9,電機機械,Traditional,Machinery,8.94,電機機械
9103,美德醫療-DR,市,107,N/A,DR_Type,DR_Type,20.6,存託憑證
9105,泰金寶-DR,市,90.7,N/A,DR_Type,DR_Type,83.9,存託憑證
9110,越南控-DR,市,3.31,N/A,DR_Type,DR_Type,5.45,存託憑證
9136,巨騰-DR,市,22.6,N/A,DR_Type,DR_Type,16,存託憑證
9188,精熙-DR,市,5.47,N/A,DR_Type,DR_Type,8,存託憑證
9802,鈺齊-KY,市,188,其他業,Others,Others,17.5,其他
9902,台火,市,9.31,其他業,Others,Others,9.8,其他
9904,寶成,市,754,其他業,Others,Others,295,其他
9905,大華,市,64.2,其他業,Others,Others,30.5,其他
9906,欣巴巴,市,34.4,建材營造業,Traditional,Construction,8.33,建材營造
9907,統一實,市,155,其他業,Others,Others,158,其他
9908,大台北,市,159,油電燃氣業,Traditional,Gas,51.6,油電燃氣
9910,豐泰,市,1508,其他業,Others,Others,88.2,其他
9911,櫻花,市,103,其他業,Others,Others,22.1,其他
9912,偉聯,市,4,電腦及週邊設備業,Electronic,Computers,5.38,監視器
9914,美利達,市,698,其他業,Others,Others,29.9,其他
9917,中保科,市,383,其他業,Others,Others,45.1,其他
9918,欣天然,市,63.2,油電燃氣業,Traditional,Gas,18.1,油電燃氣
9919,康那香,市,78,其他業,Others,Others,19.5,其他
9921,巨大,市,1018,其他業,Others,Others,37.5,其他
9924,福興,市,78.7,其他業,Others,Others,18.8,其他
9925,新保,市,140,其他業,Others,Others,38.7,其他
9926,新海,市,76.6,油電燃氣業,Traditional,Gas,18,油電燃氣
9927,泰銘,市,58.4,其他業,Others,Others,20.9,其他
9928,中視,市,7.16,其他業,Others,Others,15.1,其他
9929,秋雨,市,21.1,其他業,Others,Others,16.9,其他
9930,中聯資源,市,109,其他業,Others,Others,24.9,其他
9931,欣高,市,44.6,油電燃氣業,Traditional,Gas,11,油電燃氣
9933,中鼎,市,288,其他業,Others,Others,76.3,其他
9934,成霖,市,51,其他業,Others,Others,35.7,其他
9935,慶豐富,市,54.8,其他業,Others,Others,17,其他
9937,全國,市,141,油電燃氣業,Traditional,Gas,30.9,油電燃氣
9938,百和,市,192,其他業,Others,Others,29.8,其他
9939,宏全,市,155,其他業,Others,Others,28.8,其他
9940,信義,市,208,其他業,Others,Others,73.7,其他
9941,裕融,市,289,其他業,Others,Others,30.2,其他
9942,茂順,市,52.8,其他業,Others,Others,8.32,其他
9943,好樂迪,市,90,觀光事業,Others,Tourism,14.7,觀光
9944,新麗,市,24,其他業,Others,Others,10.9,其他
9945,潤泰新,市,591,其他業,Others,Others,150,其他
9946,三發地產,市,55,建材營造業,Traditional,Construction,30.1,建材營造
9955,佳龍,市,18.8,其他業,Others,Others,10.3,其他
9958,世紀鋼,市,260,鋼鐵工業,Traditional,Steel,21.1,鋼鐵
910322,康師傅-DR,市,6.85,N/A,DR_Type,DR_Type,2.63,存託憑證
910861,神州-DR,市,12.5,N/A,DR_Type,DR_Type,2.38,存託憑證
911608,明輝-DR,市,6.47,N/A,DR_Type,DR_Type,3.42,存託憑證
911616,杜康-DR,市,5.97,N/A,DR_Type,DR_Type,13,存託憑證
911622,泰聚亨-DR,市,4.34,N/A,DR_Type,DR_Type,3,存託憑證
911868,同方友友-DR,市,5.96,N/A,DR_Type,DR_Type,14,LED發光二極體
912000,晨訊科-DR,市,17.3,N/A,DR_Type,DR_Type,15.9,存託憑證
912398,友佳-DR,市,8.91,N/A,DR_Type,DR_Type,6.17,存託憑證
3698,隆達,市,,光電業,Electronic,Opto,51.5,
4144,康聯-KY,市,,生技醫療業,Biotech,Biotech,7.71,
4725,信昌化,市,,化學工業,Traditional,Chemical,13.2,
5264,鎧勝-KY,市,,電腦及週邊設備業,Electronic,Computers,42,
5305,敦南,市,,半導體業,Electronic,Semi,31.2,
8497,格威傳媒,市,,其他業,Others,Others,3.65,